[
{
    "pk": 1, 
    "model": "cms.placeholder", 
    "fields": {
        "slot": "clipboard", 
        "default_width": null
    }
},
{
    "pk": 2, 
    "model": "cms.placeholder", 
    "fields": {
        "slot": "big_block", 
        "default_width": null
    }
},
{
    "pk": 3, 
    "model": "cms.placeholder", 
    "fields": {
        "slot": "big_block", 
        "default_width": null
    }
},
{
    "pk": 4, 
    "model": "cms.placeholder", 
    "fields": {
        "slot": "big_block", 
        "default_width": null
    }
},
{
    "pk": 5, 
    "model": "cms.placeholder", 
    "fields": {
        "slot": "banner", 
        "default_width": null
    }
},
{
    "pk": 6, 
    "model": "cms.placeholder", 
    "fields": {
        "slot": "banner", 
        "default_width": null
    }
},
{
    "pk": 7, 
    "model": "cms.placeholder", 
    "fields": {
        "slot": "footer", 
        "default_width": null
    }
},
{
    "pk": 8, 
    "model": "cms.placeholder", 
    "fields": {
        "slot": "footer", 
        "default_width": null
    }
},
{
    "pk": 9, 
    "model": "cms.placeholder", 
    "fields": {
        "slot": "user_welcome_auth", 
        "default_width": null
    }
},
{
    "pk": 10, 
    "model": "cms.placeholder", 
    "fields": {
        "slot": "user_welcome_auth", 
        "default_width": null
    }
},
{
    "pk": 11, 
    "model": "cms.placeholder", 
    "fields": {
        "slot": "separator", 
        "default_width": null
    }
},
{
    "pk": 12, 
    "model": "cms.placeholder", 
    "fields": {
        "slot": "separator", 
        "default_width": null
    }
},
{
    "pk": 1, 
    "model": "cms.cmsplugin", 
    "fields": {
        "rght": 2, 
        "changed_date": "2015-09-05T21:04:38.151Z", 
        "parent": null, 
        "language": "en-us", 
        "level": 0, 
        "creation_date": "2015-09-05T21:04:34.736Z", 
        "lft": 1, 
        "tree_id": 1, 
        "position": 0, 
        "placeholder": 2, 
        "plugin_type": "TextPlugin"
    }
},
{
    "pk": 2, 
    "model": "cms.cmsplugin", 
    "fields": {
        "rght": 2, 
        "changed_date": "2015-09-05T21:04:41.942Z", 
        "parent": null, 
        "language": "en-us", 
        "level": 0, 
        "creation_date": "2015-09-05T21:04:34.736Z", 
        "lft": 1, 
        "tree_id": 2, 
        "position": 0, 
        "placeholder": 3, 
        "plugin_type": "TextPlugin"
    }
},
{
    "pk": 1, 
    "model": "cms.page", 
    "fields": {
        "rght": 2, 
        "navigation_extenders": "", 
        "site": 1, 
        "application_namespace": null, 
        "lft": 1, 
        "in_navigation": true, 
        "reverse_id": null, 
        "login_required": false, 
        "created_by": "bethlakshmi", 
        "languages": "en-us", 
        "publication_end_date": null, 
        "template": "INHERIT", 
        "tree_id": 1, 
        "placeholders": [
            2
        ], 
        "changed_date": "2015-09-05T21:04:42.126Z", 
        "limit_visibility_in_menu": null, 
        "parent": null, 
        "soft_root": false, 
        "is_home": true, 
        "publication_date": "2015-09-05T20:39:45.200Z", 
        "creation_date": "2015-09-05T20:39:45.108Z", 
        "publisher_public": 2, 
        "level": 0, 
        "changed_by": "bethlakshmi", 
        "application_urls": "", 
        "publisher_is_draft": true, 
        "xframe_options": 0, 
        "revision_id": 0
    }
},
{
    "pk": 2, 
    "model": "cms.page", 
    "fields": {
        "rght": 2, 
        "navigation_extenders": "", 
        "site": 1, 
        "application_namespace": null, 
        "lft": 1, 
        "in_navigation": true, 
        "reverse_id": null, 
        "login_required": false, 
        "created_by": "bethlakshmi", 
        "languages": "en-us", 
        "publication_end_date": null, 
        "template": "INHERIT", 
        "tree_id": 2, 
        "placeholders": [
            3
        ], 
        "changed_date": "2015-09-05T21:04:41.983Z", 
        "limit_visibility_in_menu": null, 
        "parent": null, 
        "soft_root": false, 
        "is_home": true, 
        "publication_date": "2015-09-05T20:39:45.200Z", 
        "creation_date": "2015-09-05T20:39:45.209Z", 
        "publisher_public": 1, 
        "level": 0, 
        "changed_by": "bethlakshmi", 
        "application_urls": "", 
        "publisher_is_draft": false, 
        "xframe_options": 0, 
        "revision_id": 0
    }
},
{
    "pk": 3, 
    "model": "cms.page", 
    "fields": {
        "rght": 2, 
        "navigation_extenders": null, 
        "site": 1, 
        "application_namespace": null, 
        "lft": 1, 
        "in_navigation": true, 
        "reverse_id": null, 
        "login_required": false, 
        "created_by": "bethlakshmi", 
        "languages": "en-us", 
        "publication_end_date": null, 
        "template": "INHERIT", 
        "tree_id": 3, 
        "placeholders": [
            4
        ], 
        "changed_date": "2015-09-05T20:40:02.560Z", 
        "limit_visibility_in_menu": null, 
        "parent": null, 
        "soft_root": false, 
        "is_home": false, 
        "publication_date": null, 
        "creation_date": "2015-09-05T20:40:02.456Z", 
        "publisher_public": null, 
        "level": 0, 
        "changed_by": "bethlakshmi", 
        "application_urls": null, 
        "publisher_is_draft": true, 
        "xframe_options": 0, 
        "revision_id": 0
    }
},
{
    "pk": 1, 
    "model": "cms.title", 
    "fields": {
        "menu_title": "", 
        "meta_description": "", 
        "page_title": "", 
        "language": "en-us", 
        "title": "Home", 
        "has_url_overwrite": false, 
        "redirect": "", 
        "publisher_is_draft": true, 
        "page": 1, 
        "published": true, 
        "path": "", 
        "publisher_state": 0, 
        "creation_date": "2015-09-05T20:39:45.155Z", 
        "slug": "home", 
        "publisher_public": 2
    }
},
{
    "pk": 2, 
    "model": "cms.title", 
    "fields": {
        "menu_title": "", 
        "meta_description": "", 
        "page_title": "", 
        "language": "en-us", 
        "title": "Home", 
        "has_url_overwrite": false, 
        "redirect": "", 
        "publisher_is_draft": false, 
        "page": 2, 
        "published": true, 
        "path": "", 
        "publisher_state": 1, 
        "creation_date": "2015-09-05T20:39:45.155Z", 
        "slug": "home", 
        "publisher_public": 1
    }
},
{
    "pk": 3, 
    "model": "cms.title", 
    "fields": {
        "menu_title": "", 
        "meta_description": "", 
        "page_title": "", 
        "language": "en-us", 
        "title": "About Us", 
        "has_url_overwrite": false, 
        "redirect": null, 
        "publisher_is_draft": true, 
        "page": 3, 
        "published": false, 
        "path": "about-us", 
        "publisher_state": 1, 
        "creation_date": "2015-09-05T20:40:02.494Z", 
        "slug": "about-us", 
        "publisher_public": null
    }
},
{
    "pk": 1, 
    "model": "cms.staticplaceholder", 
    "fields": {
        "code": "banner", 
        "name": "banner", 
        "creation_method": "template", 
        "site": null, 
        "draft": 5, 
        "dirty": false, 
        "public": 6
    }
},
{
    "pk": 2, 
    "model": "cms.staticplaceholder", 
    "fields": {
        "code": "footer", 
        "name": "footer", 
        "creation_method": "template", 
        "site": null, 
        "draft": 7, 
        "dirty": false, 
        "public": 8
    }
},
{
    "pk": 3, 
    "model": "cms.staticplaceholder", 
    "fields": {
        "code": "user_welcome_auth", 
        "name": "user_welcome_auth", 
        "creation_method": "template", 
        "site": null, 
        "draft": 9, 
        "dirty": false, 
        "public": 10
    }
},
{
    "pk": 4, 
    "model": "cms.staticplaceholder", 
    "fields": {
        "code": "separator", 
        "name": "separator", 
        "creation_method": "template", 
        "site": null, 
        "draft": 11, 
        "dirty": false, 
        "public": 12
    }
},
{
    "pk": 1, 
    "model": "menus.cachekey", 
    "fields": {
        "key": "menu_cache_menu_nodes_en-us_1_1_user", 
        "site": 1, 
        "language": "en-us"
    }
},
{
    "pk": 1, 
    "model": "south.migrationhistory", 
    "fields": {
        "applied": "2015-09-05T20:38:51.156Z", 
        "app_name": "cms", 
        "migration": "0001_initial"
    }
},
{
    "pk": 2, 
    "model": "south.migrationhistory", 
    "fields": {
        "applied": "2015-09-05T20:38:51.160Z", 
        "app_name": "cms", 
        "migration": "0002_auto_start"
    }
},
{
    "pk": 3, 
    "model": "south.migrationhistory", 
    "fields": {
        "applied": "2015-09-05T20:38:51.163Z", 
        "app_name": "cms", 
        "migration": "0003_remove_placeholder"
    }
},
{
    "pk": 4, 
    "model": "south.migrationhistory", 
    "fields": {
        "applied": "2015-09-05T20:38:51.165Z", 
        "app_name": "cms", 
        "migration": "0004_textobjects"
    }
},
{
    "pk": 5, 
    "model": "south.migrationhistory", 
    "fields": {
        "applied": "2015-09-05T20:38:51.167Z", 
        "app_name": "cms", 
        "migration": "0005_mptt_added_to_plugins"
    }
},
{
    "pk": 6, 
    "model": "south.migrationhistory", 
    "fields": {
        "applied": "2015-09-05T20:38:51.170Z", 
        "app_name": "cms", 
        "migration": "0006_apphook"
    }
},
{
    "pk": 7, 
    "model": "south.migrationhistory", 
    "fields": {
        "applied": "2015-09-05T20:38:51.174Z", 
        "app_name": "cms", 
        "migration": "0007_apphook_longer"
    }
},
{
    "pk": 8, 
    "model": "south.migrationhistory", 
    "fields": {
        "applied": "2015-09-05T20:38:51.177Z", 
        "app_name": "cms", 
        "migration": "0008_redirects"
    }
},
{
    "pk": 9, 
    "model": "south.migrationhistory", 
    "fields": {
        "applied": "2015-09-05T20:38:51.180Z", 
        "app_name": "cms", 
        "migration": "0009_added_meta_fields"
    }
},
{
    "pk": 10, 
    "model": "south.migrationhistory", 
    "fields": {
        "applied": "2015-09-05T20:38:51.184Z", 
        "app_name": "cms", 
        "migration": "0010_5char_language"
    }
},
{
    "pk": 11, 
    "model": "south.migrationhistory", 
    "fields": {
        "applied": "2015-09-05T20:38:51.187Z", 
        "app_name": "cms", 
        "migration": "0011_title_overwrites"
    }
},
{
    "pk": 12, 
    "model": "south.migrationhistory", 
    "fields": {
        "applied": "2015-09-05T20:38:51.191Z", 
        "app_name": "cms", 
        "migration": "0012_publisher"
    }
},
{
    "pk": 13, 
    "model": "south.migrationhistory", 
    "fields": {
        "applied": "2015-09-05T20:38:51.195Z", 
        "app_name": "cms", 
        "migration": "0013_site_copy"
    }
},
{
    "pk": 14, 
    "model": "south.migrationhistory", 
    "fields": {
        "applied": "2015-09-05T20:38:51.198Z", 
        "app_name": "cms", 
        "migration": "0014_sites_removed"
    }
},
{
    "pk": 15, 
    "model": "south.migrationhistory", 
    "fields": {
        "applied": "2015-09-05T20:38:51.202Z", 
        "app_name": "cms", 
        "migration": "0015_modified_by_added"
    }
},
{
    "pk": 16, 
    "model": "south.migrationhistory", 
    "fields": {
        "applied": "2015-09-05T20:38:51.205Z", 
        "app_name": "cms", 
        "migration": "0016_author_copy"
    }
},
{
    "pk": 17, 
    "model": "south.migrationhistory", 
    "fields": {
        "applied": "2015-09-05T20:38:51.209Z", 
        "app_name": "cms", 
        "migration": "0017_author_removed"
    }
},
{
    "pk": 18, 
    "model": "south.migrationhistory", 
    "fields": {
        "applied": "2015-09-05T20:38:51.212Z", 
        "app_name": "cms", 
        "migration": "0018_site_permissions"
    }
},
{
    "pk": 19, 
    "model": "south.migrationhistory", 
    "fields": {
        "applied": "2015-09-05T20:38:51.215Z", 
        "app_name": "cms", 
        "migration": "0019_public_table_renames"
    }
},
{
    "pk": 20, 
    "model": "south.migrationhistory", 
    "fields": {
        "applied": "2015-09-05T20:38:51.218Z", 
        "app_name": "cms", 
        "migration": "0020_advanced_permissions"
    }
},
{
    "pk": 21, 
    "model": "south.migrationhistory", 
    "fields": {
        "applied": "2015-09-05T20:38:51.221Z", 
        "app_name": "cms", 
        "migration": "0021_publisher2"
    }
},
{
    "pk": 22, 
    "model": "south.migrationhistory", 
    "fields": {
        "applied": "2015-09-05T20:38:51.224Z", 
        "app_name": "cms", 
        "migration": "0022_login_required_added"
    }
},
{
    "pk": 23, 
    "model": "south.migrationhistory", 
    "fields": {
        "applied": "2015-09-05T20:38:51.228Z", 
        "app_name": "cms", 
        "migration": "0023_plugin_table_naming_function_changed"
    }
},
{
    "pk": 24, 
    "model": "south.migrationhistory", 
    "fields": {
        "applied": "2015-09-05T20:38:51.231Z", 
        "app_name": "cms", 
        "migration": "0024_added_placeholder_model"
    }
},
{
    "pk": 25, 
    "model": "south.migrationhistory", 
    "fields": {
        "applied": "2015-09-05T20:38:51.234Z", 
        "app_name": "cms", 
        "migration": "0025_placeholder_migration"
    }
},
{
    "pk": 26, 
    "model": "south.migrationhistory", 
    "fields": {
        "applied": "2015-09-05T20:38:51.236Z", 
        "app_name": "cms", 
        "migration": "0026_finish_placeholder_migration"
    }
},
{
    "pk": 27, 
    "model": "south.migrationhistory", 
    "fields": {
        "applied": "2015-09-05T20:38:51.239Z", 
        "app_name": "cms", 
        "migration": "0027_added_width_to_placeholder"
    }
},
{
    "pk": 28, 
    "model": "south.migrationhistory", 
    "fields": {
        "applied": "2015-09-05T20:38:51.241Z", 
        "app_name": "cms", 
        "migration": "0028_limit_visibility_in_menu_step1of3"
    }
},
{
    "pk": 29, 
    "model": "south.migrationhistory", 
    "fields": {
        "applied": "2015-09-05T20:38:51.244Z", 
        "app_name": "cms", 
        "migration": "0029_limit_visibility_in_menu_step2of3_data"
    }
},
{
    "pk": 30, 
    "model": "south.migrationhistory", 
    "fields": {
        "applied": "2015-09-05T20:38:51.246Z", 
        "app_name": "cms", 
        "migration": "0030_limit_visibility_in_menu_step3of3"
    }
},
{
    "pk": 31, 
    "model": "south.migrationhistory", 
    "fields": {
        "applied": "2015-09-05T20:38:51.249Z", 
        "app_name": "cms", 
        "migration": "0031_improved_language_code_support"
    }
},
{
    "pk": 32, 
    "model": "south.migrationhistory", 
    "fields": {
        "applied": "2015-09-05T20:38:51.252Z", 
        "app_name": "cms", 
        "migration": "0032_auto__del_field_cmsplugin_publisher_public__del_field_cmsplugin_publis"
    }
},
{
    "pk": 33, 
    "model": "south.migrationhistory", 
    "fields": {
        "applied": "2015-09-05T20:38:51.254Z", 
        "app_name": "cms", 
        "migration": "0033_auto__del_field_title_publisher_is_draft__del_field_title_publisher_st"
    }
},
{
    "pk": 34, 
    "model": "south.migrationhistory", 
    "fields": {
        "applied": "2015-09-05T20:38:51.257Z", 
        "app_name": "cms", 
        "migration": "0034_auto__chg_field_title_language__chg_field_cmsplugin_language__add_fiel"
    }
},
{
    "pk": 35, 
    "model": "south.migrationhistory", 
    "fields": {
        "applied": "2015-09-05T20:38:51.260Z", 
        "app_name": "cms", 
        "migration": "0035_auto__add_field_globalpagepermission_can_view__add_field_pagepermissio"
    }
},
{
    "pk": 36, 
    "model": "south.migrationhistory", 
    "fields": {
        "applied": "2015-09-05T20:38:51.263Z", 
        "app_name": "cms", 
        "migration": "0036_auto__add_field_cmsplugin_changed_date"
    }
},
{
    "pk": 37, 
    "model": "south.migrationhistory", 
    "fields": {
        "applied": "2015-09-05T20:38:51.266Z", 
        "app_name": "cms", 
        "migration": "0037_auto__del_pagemoderator__del_field_globalpagepermission_can_moderate__"
    }
},
{
    "pk": 38, 
    "model": "south.migrationhistory", 
    "fields": {
        "applied": "2015-09-05T20:38:51.268Z", 
        "app_name": "cms", 
        "migration": "0038_publish_page_permission"
    }
},
{
    "pk": 39, 
    "model": "south.migrationhistory", 
    "fields": {
        "applied": "2015-09-05T20:38:51.271Z", 
        "app_name": "cms", 
        "migration": "0039_auto__del_field_page_moderator_state"
    }
},
{
    "pk": 40, 
    "model": "south.migrationhistory", 
    "fields": {
        "applied": "2015-09-05T20:38:51.274Z", 
        "app_name": "cms", 
        "migration": "0040_auto__del_field_title_meta_keywords__chg_field_title_meta_description"
    }
},
{
    "pk": 41, 
    "model": "south.migrationhistory", 
    "fields": {
        "applied": "2015-09-05T20:38:51.277Z", 
        "app_name": "cms", 
        "migration": "0041_auto__add_usersettings"
    }
},
{
    "pk": 42, 
    "model": "south.migrationhistory", 
    "fields": {
        "applied": "2015-09-05T20:38:51.280Z", 
        "app_name": "cms", 
        "migration": "0042_auto__del_field_title_meta_keywords__chg_field_title_meta_description_"
    }
},
{
    "pk": 43, 
    "model": "south.migrationhistory", 
    "fields": {
        "applied": "2015-09-05T20:38:51.283Z", 
        "app_name": "cms", 
        "migration": "0043_auto__add_field_usersettings_clipboard"
    }
},
{
    "pk": 44, 
    "model": "south.migrationhistory", 
    "fields": {
        "applied": "2015-09-05T20:38:51.285Z", 
        "app_name": "cms", 
        "migration": "0044_killsettings"
    }
},
{
    "pk": 45, 
    "model": "south.migrationhistory", 
    "fields": {
        "applied": "2015-09-05T20:38:51.288Z", 
        "app_name": "cms", 
        "migration": "0045_auto__add_field_page_application_urls"
    }
},
{
    "pk": 46, 
    "model": "south.migrationhistory", 
    "fields": {
        "applied": "2015-09-05T20:38:51.291Z", 
        "app_name": "cms", 
        "migration": "0046_move_apphooks"
    }
},
{
    "pk": 47, 
    "model": "south.migrationhistory", 
    "fields": {
        "applied": "2015-09-05T20:38:51.294Z", 
        "app_name": "cms", 
        "migration": "0047_auto__del_field_title_application_urls"
    }
},
{
    "pk": 48, 
    "model": "south.migrationhistory", 
    "fields": {
        "applied": "2015-09-05T20:38:51.297Z", 
        "app_name": "cms", 
        "migration": "0048_auto__add_field_page_application_namespace__add_unique_page_publisher_"
    }
},
{
    "pk": 49, 
    "model": "south.migrationhistory", 
    "fields": {
        "applied": "2015-09-05T20:38:51.299Z", 
        "app_name": "cms", 
        "migration": "0049_auto__add_field_page_is_home"
    }
},
{
    "pk": 50, 
    "model": "south.migrationhistory", 
    "fields": {
        "applied": "2015-09-05T20:38:51.301Z", 
        "app_name": "cms", 
        "migration": "0050_save_home"
    }
},
{
    "pk": 51, 
    "model": "south.migrationhistory", 
    "fields": {
        "applied": "2015-09-05T20:38:51.305Z", 
        "app_name": "cms", 
        "migration": "0051_auto__add_placeholderreference"
    }
},
{
    "pk": 52, 
    "model": "south.migrationhistory", 
    "fields": {
        "applied": "2015-09-05T20:38:51.308Z", 
        "app_name": "cms", 
        "migration": "0051_fix_content_type"
    }
},
{
    "pk": 53, 
    "model": "south.migrationhistory", 
    "fields": {
        "applied": "2015-09-05T20:38:51.310Z", 
        "app_name": "cms", 
        "migration": "0052_auto__add_placeholderreference__add_staticplaceholder__add_field_page_"
    }
},
{
    "pk": 54, 
    "model": "south.migrationhistory", 
    "fields": {
        "applied": "2015-09-05T20:38:51.313Z", 
        "app_name": "cms", 
        "migration": "0053_auto__add_field_title_published__add_field_title_publisher_is_draft__a"
    }
},
{
    "pk": 55, 
    "model": "south.migrationhistory", 
    "fields": {
        "applied": "2015-09-05T20:38:51.316Z", 
        "app_name": "cms", 
        "migration": "0054_new_publisher_data"
    }
},
{
    "pk": 56, 
    "model": "south.migrationhistory", 
    "fields": {
        "applied": "2015-09-05T20:38:51.318Z", 
        "app_name": "cms", 
        "migration": "0055_auto__del_field_page_publisher_state__del_field_page_published"
    }
},
{
    "pk": 57, 
    "model": "south.migrationhistory", 
    "fields": {
        "applied": "2015-09-05T20:38:51.321Z", 
        "app_name": "cms", 
        "migration": "0056_auto__del_field_page_published_languages"
    }
},
{
    "pk": 58, 
    "model": "south.migrationhistory", 
    "fields": {
        "applied": "2015-09-05T20:38:51.324Z", 
        "app_name": "cms", 
        "migration": "0057_fix_values"
    }
},
{
    "pk": 59, 
    "model": "south.migrationhistory", 
    "fields": {
        "applied": "2015-09-05T20:38:51.328Z", 
        "app_name": "cms", 
        "migration": "0058_placeholderref_table_rename"
    }
},
{
    "pk": 60, 
    "model": "south.migrationhistory", 
    "fields": {
        "applied": "2015-09-05T20:38:51.330Z", 
        "app_name": "cms", 
        "migration": "0059_auto__del_pagemoderatorstate"
    }
},
{
    "pk": 61, 
    "model": "south.migrationhistory", 
    "fields": {
        "applied": "2015-09-05T20:38:51.333Z", 
        "app_name": "cms", 
        "migration": "0060_auto__add_field_page_xframe_options"
    }
},
{
    "pk": 62, 
    "model": "south.migrationhistory", 
    "fields": {
        "applied": "2015-09-05T20:38:51.336Z", 
        "app_name": "cms", 
        "migration": "0061_revers_id_unique"
    }
},
{
    "pk": 63, 
    "model": "south.migrationhistory", 
    "fields": {
        "applied": "2015-09-05T20:38:51.339Z", 
        "app_name": "cms", 
        "migration": "0062_auto__add_field_staticplaceholder_site__del_unique_staticplaceholder_c"
    }
},
{
    "pk": 64, 
    "model": "south.migrationhistory", 
    "fields": {
        "applied": "2015-09-05T20:38:51.343Z", 
        "app_name": "cms", 
        "migration": "0063_auto__chg_field_staticplaceholder_site"
    }
},
{
    "pk": 65, 
    "model": "south.migrationhistory", 
    "fields": {
        "applied": "2015-09-05T20:38:51.345Z", 
        "app_name": "cms", 
        "migration": "0064_staticplaceholder_site_change"
    }
},
{
    "pk": 66, 
    "model": "south.migrationhistory", 
    "fields": {
        "applied": "2015-09-05T20:38:51.348Z", 
        "app_name": "cms", 
        "migration": "0065_auto__add_unique_usersettings_user"
    }
},
{
    "pk": 67, 
    "model": "south.migrationhistory", 
    "fields": {
        "applied": "2015-09-05T20:38:51.351Z", 
        "app_name": "cms", 
        "migration": "0066_auto__add_aliaspluginmodel"
    }
},
{
    "pk": 68, 
    "model": "south.migrationhistory", 
    "fields": {
        "applied": "2015-09-05T20:38:51.354Z", 
        "app_name": "cms", 
        "migration": "0067_auto__add_field_aliaspluginmodel_alias_placeholder__chg_field_aliasplu"
    }
},
{
    "pk": 69, 
    "model": "south.migrationhistory", 
    "fields": {
        "applied": "2015-09-05T20:38:51.357Z", 
        "app_name": "cms", 
        "migration": "0068_auto__chg_field_placeholder_slot"
    }
},
{
    "pk": 70, 
    "model": "south.migrationhistory", 
    "fields": {
        "applied": "2015-09-05T20:38:51.360Z", 
        "app_name": "cms", 
        "migration": "0069_static_placeholder_permissions"
    }
},
{
    "pk": 71, 
    "model": "south.migrationhistory", 
    "fields": {
        "applied": "2015-09-05T20:38:51.430Z", 
        "app_name": "menus", 
        "migration": "0001_initial"
    }
},
{
    "pk": 72, 
    "model": "south.migrationhistory", 
    "fields": {
        "applied": "2015-09-05T20:38:51.564Z", 
        "app_name": "djangocms_text_ckeditor", 
        "migration": "0001_initial"
    }
},
{
    "pk": 73, 
    "model": "south.migrationhistory", 
    "fields": {
        "applied": "2015-09-05T20:38:51.567Z", 
        "app_name": "djangocms_text_ckeditor", 
        "migration": "0002_rename_plugin"
    }
},
{
    "pk": 74, 
    "model": "south.migrationhistory", 
    "fields": {
        "applied": "2015-09-05T20:38:51.638Z", 
        "app_name": "filer", 
        "migration": "0001_initial"
    }
},
{
    "pk": 75, 
    "model": "south.migrationhistory", 
    "fields": {
        "applied": "2015-09-05T20:38:51.642Z", 
        "app_name": "filer", 
        "migration": "0002_rename_file_field"
    }
},
{
    "pk": 76, 
    "model": "south.migrationhistory", 
    "fields": {
        "applied": "2015-09-05T20:38:51.644Z", 
        "app_name": "filer", 
        "migration": "0003_add_description_field"
    }
},
{
    "pk": 77, 
    "model": "south.migrationhistory", 
    "fields": {
        "applied": "2015-09-05T20:38:51.646Z", 
        "app_name": "filer", 
        "migration": "0004_auto__del_field_file__file__add_field_file_file__add_field_file_is_pub"
    }
},
{
    "pk": 78, 
    "model": "south.migrationhistory", 
    "fields": {
        "applied": "2015-09-05T20:38:51.649Z", 
        "app_name": "filer", 
        "migration": "0005_auto__add_field_file_sha1__chg_field_file_file"
    }
},
{
    "pk": 79, 
    "model": "south.migrationhistory", 
    "fields": {
        "applied": "2015-09-05T20:38:51.652Z", 
        "app_name": "filer", 
        "migration": "0006_polymorphic__add_field_file_polymorphic_ctype"
    }
},
{
    "pk": 80, 
    "model": "south.migrationhistory", 
    "fields": {
        "applied": "2015-09-05T20:38:51.655Z", 
        "app_name": "filer", 
        "migration": "0007_polymorphic__content_type_data"
    }
},
{
    "pk": 81, 
    "model": "south.migrationhistory", 
    "fields": {
        "applied": "2015-09-05T20:38:51.657Z", 
        "app_name": "filer", 
        "migration": "0008_polymorphic__del_field_file__file_type_plugin_name"
    }
},
{
    "pk": 82, 
    "model": "south.migrationhistory", 
    "fields": {
        "applied": "2015-09-05T20:38:51.660Z", 
        "app_name": "filer", 
        "migration": "0009_auto__add_field_folderpermission_can_edit_new__add_field_folderpermiss"
    }
},
{
    "pk": 83, 
    "model": "south.migrationhistory", 
    "fields": {
        "applied": "2015-09-05T20:38:51.663Z", 
        "app_name": "filer", 
        "migration": "0010_folderpermissions"
    }
},
{
    "pk": 84, 
    "model": "south.migrationhistory", 
    "fields": {
        "applied": "2015-09-05T20:38:51.665Z", 
        "app_name": "filer", 
        "migration": "0011_auto__del_field_folderpermission_can_add_children__del_field_folderper"
    }
},
{
    "pk": 85, 
    "model": "south.migrationhistory", 
    "fields": {
        "applied": "2015-09-05T20:38:51.669Z", 
        "app_name": "filer", 
        "migration": "0012_renaming_folderpermissions"
    }
},
{
    "pk": 86, 
    "model": "south.migrationhistory", 
    "fields": {
        "applied": "2015-09-05T20:38:51.672Z", 
        "app_name": "filer", 
        "migration": "0013_remove_null_file_name"
    }
},
{
    "pk": 87, 
    "model": "south.migrationhistory", 
    "fields": {
        "applied": "2015-09-05T20:38:51.675Z", 
        "app_name": "filer", 
        "migration": "0014_auto__add_field_image_related_url__chg_field_file_name"
    }
},
{
    "pk": 88, 
    "model": "south.migrationhistory", 
    "fields": {
        "applied": "2015-09-05T20:38:51.829Z", 
        "app_name": "easy_thumbnails", 
        "migration": "0001_initial"
    }
},
{
    "pk": 89, 
    "model": "south.migrationhistory", 
    "fields": {
        "applied": "2015-09-05T20:38:51.833Z", 
        "app_name": "easy_thumbnails", 
        "migration": "0002_filename_indexes"
    }
},
{
    "pk": 90, 
    "model": "south.migrationhistory", 
    "fields": {
        "applied": "2015-09-05T20:38:51.835Z", 
        "app_name": "easy_thumbnails", 
        "migration": "0003_auto__add_storagenew"
    }
},
{
    "pk": 91, 
    "model": "south.migrationhistory", 
    "fields": {
        "applied": "2015-09-05T20:38:51.838Z", 
        "app_name": "easy_thumbnails", 
        "migration": "0004_auto__add_field_source_storage_new__add_field_thumbnail_storage_new"
    }
},
{
    "pk": 92, 
    "model": "south.migrationhistory", 
    "fields": {
        "applied": "2015-09-05T20:38:51.840Z", 
        "app_name": "easy_thumbnails", 
        "migration": "0005_storage_fks_null"
    }
},
{
    "pk": 93, 
    "model": "south.migrationhistory", 
    "fields": {
        "applied": "2015-09-05T20:38:51.843Z", 
        "app_name": "easy_thumbnails", 
        "migration": "0006_copy_storage"
    }
},
{
    "pk": 94, 
    "model": "south.migrationhistory", 
    "fields": {
        "applied": "2015-09-05T20:38:51.846Z", 
        "app_name": "easy_thumbnails", 
        "migration": "0007_storagenew_fks_not_null"
    }
},
{
    "pk": 95, 
    "model": "south.migrationhistory", 
    "fields": {
        "applied": "2015-09-05T20:38:51.848Z", 
        "app_name": "easy_thumbnails", 
        "migration": "0008_auto__del_field_source_storage__del_field_thumbnail_storage"
    }
},
{
    "pk": 96, 
    "model": "south.migrationhistory", 
    "fields": {
        "applied": "2015-09-05T20:38:51.852Z", 
        "app_name": "easy_thumbnails", 
        "migration": "0009_auto__del_storage"
    }
},
{
    "pk": 97, 
    "model": "south.migrationhistory", 
    "fields": {
        "applied": "2015-09-05T20:38:51.855Z", 
        "app_name": "easy_thumbnails", 
        "migration": "0010_rename_storage"
    }
},
{
    "pk": 98, 
    "model": "south.migrationhistory", 
    "fields": {
        "applied": "2015-09-05T20:38:51.858Z", 
        "app_name": "easy_thumbnails", 
        "migration": "0011_auto__add_field_source_storage_hash__add_field_thumbnail_storage_hash"
    }
},
{
    "pk": 99, 
    "model": "south.migrationhistory", 
    "fields": {
        "applied": "2015-09-05T20:38:51.860Z", 
        "app_name": "easy_thumbnails", 
        "migration": "0012_build_storage_hashes"
    }
},
{
    "pk": 100, 
    "model": "south.migrationhistory", 
    "fields": {
        "applied": "2015-09-05T20:38:51.863Z", 
        "app_name": "easy_thumbnails", 
        "migration": "0013_auto__del_storage__del_field_source_storage__del_field_thumbnail_stora"
    }
},
{
    "pk": 101, 
    "model": "south.migrationhistory", 
    "fields": {
        "applied": "2015-09-05T20:38:51.866Z", 
        "app_name": "easy_thumbnails", 
        "migration": "0014_auto__add_unique_source_name_storage_hash__add_unique_thumbnail_name_s"
    }
},
{
    "pk": 102, 
    "model": "south.migrationhistory", 
    "fields": {
        "applied": "2015-09-05T20:38:51.869Z", 
        "app_name": "easy_thumbnails", 
        "migration": "0015_auto__del_unique_thumbnail_name_storage_hash__add_unique_thumbnail_sou"
    }
},
{
    "pk": 103, 
    "model": "south.migrationhistory", 
    "fields": {
        "applied": "2015-09-05T20:38:51.871Z", 
        "app_name": "easy_thumbnails", 
        "migration": "0016_auto__add_thumbnaildimensions"
    }
},
{
    "pk": 104, 
    "model": "south.migrationhistory", 
    "fields": {
        "applied": "2015-09-05T20:38:51.941Z", 
        "app_name": "cmsplugin_nivoslider", 
        "migration": "0001_initial"
    }
},
{
    "pk": 105, 
    "model": "south.migrationhistory", 
    "fields": {
        "applied": "2015-09-05T20:38:51.946Z", 
        "app_name": "cmsplugin_nivoslider", 
        "migration": "0002_auto__add_field_sliderplugin_theme__add_field_sliderplugin_effect"
    }
},
{
    "pk": 106, 
    "model": "south.migrationhistory", 
    "fields": {
        "applied": "2015-09-05T20:38:51.950Z", 
        "app_name": "cmsplugin_nivoslider", 
        "migration": "0003_auto__add_field_sliderplugin_anim_speed__add_field_sliderplugin_pause_"
    }
},
{
    "pk": 107, 
    "model": "south.migrationhistory", 
    "fields": {
        "applied": "2015-09-05T20:38:51.954Z", 
        "app_name": "cmsplugin_nivoslider", 
        "migration": "0004_auto__add_field_sliderplugin_image_width__add_field_sliderplugin_image"
    }
},
{
    "pk": 108, 
    "model": "south.migrationhistory", 
    "fields": {
        "applied": "2015-09-05T20:38:51.956Z", 
        "app_name": "cmsplugin_nivoslider", 
        "migration": "0005_auto__add_field_sliderplugin_show_ribbon"
    }
},
{
    "pk": 109, 
    "model": "south.migrationhistory", 
    "fields": {
        "applied": "2015-09-05T20:38:51.959Z", 
        "app_name": "cmsplugin_nivoslider", 
        "migration": "0006_rename_fields_image_height_width__del_field_show_ribbon"
    }
},
{
    "pk": 110, 
    "model": "south.migrationhistory", 
    "fields": {
        "applied": "2015-09-05T20:38:51.961Z", 
        "app_name": "cmsplugin_nivoslider", 
        "migration": "0007_auto__add_field_sliderplugin_manual_advance__add_field_sliderplugin_ar"
    }
},
{
    "pk": 111, 
    "model": "south.migrationhistory", 
    "fields": {
        "applied": "2015-09-05T20:38:51.964Z", 
        "app_name": "cmsplugin_nivoslider", 
        "migration": "0008_auto__del_sliderimage__del_slideralbum"
    }
},
{
    "pk": 112, 
    "model": "south.migrationhistory", 
    "fields": {
        "applied": "2015-09-05T20:38:51.967Z", 
        "app_name": "cmsplugin_nivoslider", 
        "migration": "0009_rename_table"
    }
},
{
    "pk": 113, 
    "model": "south.migrationhistory", 
    "fields": {
        "applied": "2015-09-05T20:38:52.100Z", 
        "app_name": "djangocms_style", 
        "migration": "0001_initial"
    }
},
{
    "pk": 114, 
    "model": "south.migrationhistory", 
    "fields": {
        "applied": "2015-09-05T20:38:52.104Z", 
        "app_name": "djangocms_style", 
        "migration": "0002_auto__add_field_style_padding_left__add_field_style_padding_right__add"
    }
},
{
    "pk": 115, 
    "model": "south.migrationhistory", 
    "fields": {
        "applied": "2015-09-05T20:38:52.106Z", 
        "app_name": "djangocms_style", 
        "migration": "0003_auto__add_field_style_tag_type__add_field_style_additional_classes"
    }
},
{
    "pk": 116, 
    "model": "south.migrationhistory", 
    "fields": {
        "applied": "2015-09-05T20:38:52.109Z", 
        "app_name": "djangocms_style", 
        "migration": "0004_plugin_rename"
    }
},
{
    "pk": 117, 
    "model": "south.migrationhistory", 
    "fields": {
        "applied": "2015-09-05T20:38:52.179Z", 
        "app_name": "djangocms_column", 
        "migration": "0001_initial"
    }
},
{
    "pk": 118, 
    "model": "south.migrationhistory", 
    "fields": {
        "applied": "2015-09-05T20:38:52.183Z", 
        "app_name": "djangocms_column", 
        "migration": "0002_plugin_rename"
    }
},
{
    "pk": 119, 
    "model": "south.migrationhistory", 
    "fields": {
        "applied": "2015-09-05T20:38:52.328Z", 
        "app_name": "djangocms_snippet", 
        "migration": "0001_initial"
    }
},
{
    "pk": 120, 
    "model": "south.migrationhistory", 
    "fields": {
        "applied": "2015-09-05T20:38:52.332Z", 
        "app_name": "djangocms_snippet", 
        "migration": "0002_rename_missing_tables"
    }
},
{
    "pk": 121, 
    "model": "south.migrationhistory", 
    "fields": {
        "applied": "2015-09-05T20:38:52.410Z", 
        "app_name": "djangocms_flash", 
        "migration": "0001_initial"
    }
},
{
    "pk": 122, 
    "model": "south.migrationhistory", 
    "fields": {
        "applied": "2015-09-05T20:38:52.547Z", 
        "app_name": "djangocms_googlemap", 
        "migration": "0001_initial"
    }
},
{
    "pk": 123, 
    "model": "south.migrationhistory", 
    "fields": {
        "applied": "2015-09-05T20:38:52.622Z", 
        "app_name": "djangocms_inherit", 
        "migration": "0001_initial"
    }
},
{
    "pk": 124, 
    "model": "south.migrationhistory", 
    "fields": {
        "applied": "2015-09-05T20:38:52.802Z", 
        "app_name": "cmsplugin_filer_file", 
        "migration": "0001_initial"
    }
},
{
    "pk": 125, 
    "model": "south.migrationhistory", 
    "fields": {
        "applied": "2015-09-05T20:38:52.807Z", 
        "app_name": "cmsplugin_filer_file", 
        "migration": "0002_auto__add_field_filerfile_target_blank"
    }
},
{
    "pk": 126, 
    "model": "south.migrationhistory", 
    "fields": {
        "applied": "2015-09-05T20:38:52.809Z", 
        "app_name": "cmsplugin_filer_file", 
        "migration": "0003_auto__add_field_filerfile_style"
    }
},
{
    "pk": 127, 
    "model": "south.migrationhistory", 
    "fields": {
        "applied": "2015-09-05T20:38:52.812Z", 
        "app_name": "cmsplugin_filer_file", 
        "migration": "0004_fix_table_names"
    }
},
{
    "pk": 128, 
    "model": "south.migrationhistory", 
    "fields": {
        "applied": "2015-09-05T20:38:52.980Z", 
        "app_name": "cmsplugin_filer_folder", 
        "migration": "0001_initial"
    }
},
{
    "pk": 129, 
    "model": "south.migrationhistory", 
    "fields": {
        "applied": "2015-09-05T20:38:52.984Z", 
        "app_name": "cmsplugin_filer_folder", 
        "migration": "0002_auto__add_field_filerfolder_style"
    }
},
{
    "pk": 130, 
    "model": "south.migrationhistory", 
    "fields": {
        "applied": "2015-09-05T20:38:52.987Z", 
        "app_name": "cmsplugin_filer_folder", 
        "migration": "0003_move_view_option_to_style"
    }
},
{
    "pk": 131, 
    "model": "south.migrationhistory", 
    "fields": {
        "applied": "2015-09-05T20:38:52.990Z", 
        "app_name": "cmsplugin_filer_folder", 
        "migration": "0004_auto__del_field_filerfolder_view_option"
    }
},
{
    "pk": 132, 
    "model": "south.migrationhistory", 
    "fields": {
        "applied": "2015-09-05T20:38:52.992Z", 
        "app_name": "cmsplugin_filer_folder", 
        "migration": "0005_fix_table_names"
    }
},
{
    "pk": 133, 
    "model": "south.migrationhistory", 
    "fields": {
        "applied": "2015-09-05T20:38:53.068Z", 
        "app_name": "cmsplugin_filer_link", 
        "migration": "0001_initial"
    }
},
{
    "pk": 134, 
    "model": "south.migrationhistory", 
    "fields": {
        "applied": "2015-09-05T20:38:53.072Z", 
        "app_name": "cmsplugin_filer_link", 
        "migration": "0002_auto__chg_field_filerlinkplugin_file"
    }
},
{
    "pk": 135, 
    "model": "south.migrationhistory", 
    "fields": {
        "applied": "2015-09-05T20:38:53.075Z", 
        "app_name": "cmsplugin_filer_link", 
        "migration": "0003_fix_table_names"
    }
},
{
    "pk": 136, 
    "model": "south.migrationhistory", 
    "fields": {
        "applied": "2015-09-05T20:38:53.250Z", 
        "app_name": "cmsplugin_filer_image", 
        "migration": "0001_initial"
    }
},
{
    "pk": 137, 
    "model": "south.migrationhistory", 
    "fields": {
        "applied": "2015-09-05T20:38:53.254Z", 
        "app_name": "cmsplugin_filer_image", 
        "migration": "0002_auto__add_field_filerimage_image_url__chg_field_filerimage_image"
    }
},
{
    "pk": 138, 
    "model": "south.migrationhistory", 
    "fields": {
        "applied": "2015-09-05T20:38:53.256Z", 
        "app_name": "cmsplugin_filer_image", 
        "migration": "0003_auto__add_thumbnailoption__add_field_filerimage_thumbnail_option"
    }
},
{
    "pk": 139, 
    "model": "south.migrationhistory", 
    "fields": {
        "applied": "2015-09-05T20:38:53.258Z", 
        "app_name": "cmsplugin_filer_image", 
        "migration": "0004_auto__del_field_thumbnailoption_is_scaled__del_field_thumbnailoption_i"
    }
},
{
    "pk": 140, 
    "model": "south.migrationhistory", 
    "fields": {
        "applied": "2015-09-05T20:38:53.261Z", 
        "app_name": "cmsplugin_filer_image", 
        "migration": "0005_rename_float_to_alignment"
    }
},
{
    "pk": 141, 
    "model": "south.migrationhistory", 
    "fields": {
        "applied": "2015-09-05T20:38:53.263Z", 
        "app_name": "cmsplugin_filer_image", 
        "migration": "0006_auto__add_field_filerimage_original_link"
    }
},
{
    "pk": 142, 
    "model": "south.migrationhistory", 
    "fields": {
        "applied": "2015-09-05T20:38:53.267Z", 
        "app_name": "cmsplugin_filer_image", 
        "migration": "0007_rename_caption_to_caption_text"
    }
},
{
    "pk": 143, 
    "model": "south.migrationhistory", 
    "fields": {
        "applied": "2015-09-05T20:38:53.270Z", 
        "app_name": "cmsplugin_filer_image", 
        "migration": "0008_auto__add_field_filerimage_file_link"
    }
},
{
    "pk": 144, 
    "model": "south.migrationhistory", 
    "fields": {
        "applied": "2015-09-05T20:38:53.274Z", 
        "app_name": "cmsplugin_filer_image", 
        "migration": "0009_auto__add_field_filerimage_use_original_image"
    }
},
{
    "pk": 145, 
    "model": "south.migrationhistory", 
    "fields": {
        "applied": "2015-09-05T20:38:53.278Z", 
        "app_name": "cmsplugin_filer_image", 
        "migration": "0010_auto__add_field_filerimage_target_blank"
    }
},
{
    "pk": 146, 
    "model": "south.migrationhistory", 
    "fields": {
        "applied": "2015-09-05T20:38:53.281Z", 
        "app_name": "cmsplugin_filer_image", 
        "migration": "0011_auto__add_field_filerimage_style"
    }
},
{
    "pk": 147, 
    "model": "south.migrationhistory", 
    "fields": {
        "applied": "2015-09-05T20:38:53.286Z", 
        "app_name": "cmsplugin_filer_image", 
        "migration": "0012_fix_table_names"
    }
},
{
    "pk": 148, 
    "model": "south.migrationhistory", 
    "fields": {
        "applied": "2015-09-05T20:38:53.446Z", 
        "app_name": "cmsplugin_filer_teaser", 
        "migration": "0001_initial"
    }
},
{
    "pk": 149, 
    "model": "south.migrationhistory", 
    "fields": {
        "applied": "2015-09-05T20:38:53.451Z", 
        "app_name": "cmsplugin_filer_teaser", 
        "migration": "0002_add_teaser_style_choice"
    }
},
{
    "pk": 150, 
    "model": "south.migrationhistory", 
    "fields": {
        "applied": "2015-09-05T20:38:53.455Z", 
        "app_name": "cmsplugin_filer_teaser", 
        "migration": "0003_target_blank"
    }
},
{
    "pk": 151, 
    "model": "south.migrationhistory", 
    "fields": {
        "applied": "2015-09-05T20:38:53.459Z", 
        "app_name": "cmsplugin_filer_teaser", 
        "migration": "0004_add_optional_external_image_url"
    }
},
{
    "pk": 152, 
    "model": "south.migrationhistory", 
    "fields": {
        "applied": "2015-09-05T20:38:53.462Z", 
        "app_name": "cmsplugin_filer_teaser", 
        "migration": "0004_auto__chg_field_filerteaser_title"
    }
},
{
    "pk": 153, 
    "model": "south.migrationhistory", 
    "fields": {
        "applied": "2015-09-05T20:38:53.466Z", 
        "app_name": "cmsplugin_filer_teaser", 
        "migration": "0005_auto__add_field_filerteaser_external_image"
    }
},
{
    "pk": 154, 
    "model": "south.migrationhistory", 
    "fields": {
        "applied": "2015-09-05T20:38:53.470Z", 
        "app_name": "cmsplugin_filer_teaser", 
        "migration": "0006_fix_migration_mess"
    }
},
{
    "pk": 155, 
    "model": "south.migrationhistory", 
    "fields": {
        "applied": "2015-09-05T20:38:53.473Z", 
        "app_name": "cmsplugin_filer_teaser", 
        "migration": "0007_auto__chg_field_filerteaser_style"
    }
},
{
    "pk": 156, 
    "model": "south.migrationhistory", 
    "fields": {
        "applied": "2015-09-05T20:38:53.477Z", 
        "app_name": "cmsplugin_filer_teaser", 
        "migration": "0008_fix_table_names"
    }
},
{
    "pk": 157, 
    "model": "south.migrationhistory", 
    "fields": {
        "applied": "2015-09-05T20:38:53.691Z", 
        "app_name": "cmsplugin_filer_video", 
        "migration": "0001_initial"
    }
},
{
    "pk": 158, 
    "model": "south.migrationhistory", 
    "fields": {
        "applied": "2015-09-05T20:38:53.694Z", 
        "app_name": "cmsplugin_filer_video", 
        "migration": "0002_fix_table_names"
    }
},
{
    "pk": 159, 
    "model": "south.migrationhistory", 
    "fields": {
        "applied": "2015-09-05T20:38:53.768Z", 
        "app_name": "reversion", 
        "migration": "0001_initial"
    }
},
{
    "pk": 160, 
    "model": "south.migrationhistory", 
    "fields": {
        "applied": "2015-09-05T20:38:53.773Z", 
        "app_name": "reversion", 
        "migration": "0002_auto__add_field_version_type"
    }
},
{
    "pk": 161, 
    "model": "south.migrationhistory", 
    "fields": {
        "applied": "2015-09-05T20:38:53.776Z", 
        "app_name": "reversion", 
        "migration": "0003_auto__add_field_version_object_id_int"
    }
},
{
    "pk": 162, 
    "model": "south.migrationhistory", 
    "fields": {
        "applied": "2015-09-05T20:38:53.779Z", 
        "app_name": "reversion", 
        "migration": "0004_populate_object_id_int"
    }
},
{
    "pk": 163, 
    "model": "south.migrationhistory", 
    "fields": {
        "applied": "2015-09-05T20:38:53.783Z", 
        "app_name": "reversion", 
        "migration": "0005_auto__add_field_revision_manager_slug"
    }
},
{
    "pk": 164, 
    "model": "south.migrationhistory", 
    "fields": {
        "applied": "2015-09-05T20:38:53.786Z", 
        "app_name": "reversion", 
        "migration": "0006_remove_delete_revisions"
    }
},
{
    "pk": 165, 
    "model": "south.migrationhistory", 
    "fields": {
        "applied": "2015-09-05T20:38:53.789Z", 
        "app_name": "reversion", 
        "migration": "0007_auto__del_field_version_type"
    }
},
{
    "pk": 166, 
    "model": "south.migrationhistory", 
    "fields": {
        "applied": "2015-09-05T20:38:53.792Z", 
        "app_name": "reversion", 
        "migration": "0008_auto__add_index_revision_date_created"
    }
},
{
    "pk": 1, 
    "model": "djangocms_text_ckeditor.text", 
    "fields": {
        "body": "<p>test</p>\n"
    }
},
{
    "pk": 2, 
    "model": "djangocms_text_ckeditor.text", 
    "fields": {
        "body": "<p>test</p>\n"
    }
},
{
    "pk": 1, 
    "model": "contenttypes.contenttype", 
    "fields": {
        "model": "migrationhistory", 
        "name": "migration history", 
        "app_label": "south"
    }
},
{
    "pk": 2, 
    "model": "contenttypes.contenttype", 
    "fields": {
        "model": "permission", 
        "name": "permission", 
        "app_label": "auth"
    }
},
{
    "pk": 3, 
    "model": "contenttypes.contenttype", 
    "fields": {
        "model": "group", 
        "name": "group", 
        "app_label": "auth"
    }
},
{
    "pk": 4, 
    "model": "contenttypes.contenttype", 
    "fields": {
        "model": "user", 
        "name": "user", 
        "app_label": "auth"
    }
},
{
    "pk": 5, 
    "model": "contenttypes.contenttype", 
    "fields": {
        "model": "contenttype", 
        "name": "content type", 
        "app_label": "contenttypes"
    }
},
{
    "pk": 6, 
    "model": "contenttypes.contenttype", 
    "fields": {
        "model": "session", 
        "name": "session", 
        "app_label": "sessions"
    }
},
{
    "pk": 7, 
    "model": "contenttypes.contenttype", 
    "fields": {
        "model": "logentry", 
        "name": "log entry", 
        "app_label": "admin"
    }
},
{
    "pk": 8, 
    "model": "contenttypes.contenttype", 
    "fields": {
        "model": "site", 
        "name": "site", 
        "app_label": "sites"
    }
},
{
    "pk": 9, 
    "model": "contenttypes.contenttype", 
    "fields": {
        "model": "flatpage", 
        "name": "flat page", 
        "app_label": "flatpages"
    }
},
{
    "pk": 10, 
    "model": "contenttypes.contenttype", 
    "fields": {
        "model": "gallery", 
        "name": "Gallery", 
        "app_label": "image_gallery"
    }
},
{
    "pk": 11, 
    "model": "contenttypes.contenttype", 
    "fields": {
        "model": "gallerycategory", 
        "name": "Gallery Category", 
        "app_label": "image_gallery"
    }
},
{
    "pk": 12, 
    "model": "contenttypes.contenttype", 
    "fields": {
        "model": "galleryimageextension", 
        "name": "Gallery Image Extension", 
        "app_label": "image_gallery"
    }
},
{
    "pk": 13, 
    "model": "contenttypes.contenttype", 
    "fields": {
        "model": "galleryplugin", 
        "name": "gallery plugin", 
        "app_label": "image_gallery"
    }
},
{
    "pk": 14, 
    "model": "contenttypes.contenttype", 
    "fields": {
        "model": "conference", 
        "name": "conference", 
        "app_label": "gbe"
    }
},
{
    "pk": 15, 
    "model": "contenttypes.contenttype", 
    "fields": {
        "model": "biddable", 
        "name": "biddable item", 
        "app_label": "gbe"
    }
},
{
    "pk": 16, 
    "model": "contenttypes.contenttype", 
    "fields": {
        "model": "profile", 
        "name": "profile", 
        "app_label": "gbe"
    }
},
{
    "pk": 17, 
    "model": "contenttypes.contenttype", 
    "fields": {
        "model": "performer", 
        "name": "performer", 
        "app_label": "gbe"
    }
},
{
    "pk": 18, 
    "model": "contenttypes.contenttype", 
    "fields": {
        "model": "persona", 
        "name": "persona", 
        "app_label": "gbe"
    }
},
{
    "pk": 19, 
    "model": "contenttypes.contenttype", 
    "fields": {
        "model": "troupe", 
        "name": "troupe", 
        "app_label": "gbe"
    }
},
{
    "pk": 20, 
    "model": "contenttypes.contenttype", 
    "fields": {
        "model": "combo", 
        "name": "combo", 
        "app_label": "gbe"
    }
},
{
    "pk": 21, 
    "model": "contenttypes.contenttype", 
    "fields": {
        "model": "audioinfo", 
        "name": "audio info", 
        "app_label": "gbe"
    }
},
{
    "pk": 22, 
    "model": "contenttypes.contenttype", 
    "fields": {
        "model": "lightinginfo", 
        "name": "lighting info", 
        "app_label": "gbe"
    }
},
{
    "pk": 23, 
    "model": "contenttypes.contenttype", 
    "fields": {
        "model": "stageinfo", 
        "name": "stage info", 
        "app_label": "gbe"
    }
},
{
    "pk": 24, 
    "model": "contenttypes.contenttype", 
    "fields": {
        "model": "techinfo", 
        "name": "tech info", 
        "app_label": "gbe"
    }
},
{
    "pk": 25, 
    "model": "contenttypes.contenttype", 
    "fields": {
        "model": "cueinfo", 
        "name": "cue info", 
        "app_label": "gbe"
    }
},
{
    "pk": 26, 
    "model": "contenttypes.contenttype", 
    "fields": {
        "model": "act", 
        "name": "act", 
        "app_label": "gbe"
    }
},
{
    "pk": 27, 
    "model": "contenttypes.contenttype", 
    "fields": {
        "model": "room", 
        "name": "room", 
        "app_label": "gbe"
    }
},
{
    "pk": 28, 
    "model": "contenttypes.contenttype", 
    "fields": {
        "model": "event", 
        "name": "event", 
        "app_label": "gbe"
    }
},
{
    "pk": 29, 
    "model": "contenttypes.contenttype", 
    "fields": {
        "model": "show", 
        "name": "show", 
        "app_label": "gbe"
    }
},
{
    "pk": 30, 
    "model": "contenttypes.contenttype", 
    "fields": {
        "model": "genericevent", 
        "name": "generic event", 
        "app_label": "gbe"
    }
},
{
    "pk": 31, 
    "model": "contenttypes.contenttype", 
    "fields": {
        "model": "class", 
        "name": "class", 
        "app_label": "gbe"
    }
},
{
    "pk": 32, 
    "model": "contenttypes.contenttype", 
    "fields": {
        "model": "bidevaluation", 
        "name": "bid evaluation", 
        "app_label": "gbe"
    }
},
{
    "pk": 33, 
    "model": "contenttypes.contenttype", 
    "fields": {
        "model": "performerfestivals", 
        "name": "performer festivals", 
        "app_label": "gbe"
    }
},
{
    "pk": 34, 
    "model": "contenttypes.contenttype", 
    "fields": {
        "model": "volunteer", 
        "name": "volunteer", 
        "app_label": "gbe"
    }
},
{
    "pk": 35, 
    "model": "contenttypes.contenttype", 
    "fields": {
        "model": "vendor", 
        "name": "vendor", 
        "app_label": "gbe"
    }
},
{
    "pk": 36, 
    "model": "contenttypes.contenttype", 
    "fields": {
        "model": "adbid", 
        "name": "ad bid", 
        "app_label": "gbe"
    }
},
{
    "pk": 37, 
    "model": "contenttypes.contenttype", 
    "fields": {
        "model": "artbid", 
        "name": "art bid", 
        "app_label": "gbe"
    }
},
{
    "pk": 38, 
    "model": "contenttypes.contenttype", 
    "fields": {
        "model": "classproposal", 
        "name": "class proposal", 
        "app_label": "gbe"
    }
},
{
    "pk": 39, 
    "model": "contenttypes.contenttype", 
    "fields": {
        "model": "conferencevolunteer", 
        "name": "conference volunteer", 
        "app_label": "gbe"
    }
},
{
    "pk": 40, 
    "model": "contenttypes.contenttype", 
    "fields": {
        "model": "profilepreferences", 
        "name": "profile preferences", 
        "app_label": "gbe"
    }
},
{
    "pk": 41, 
    "model": "contenttypes.contenttype", 
    "fields": {
        "model": "brownpapersettings", 
        "name": "brown paper settings", 
        "app_label": "ticketing"
    }
},
{
    "pk": 42, 
    "model": "contenttypes.contenttype", 
    "fields": {
        "model": "brownpaperevents", 
        "name": "brown paper events", 
        "app_label": "ticketing"
    }
},
{
    "pk": 43, 
    "model": "contenttypes.contenttype", 
    "fields": {
        "model": "ticketitem", 
        "name": "ticket item", 
        "app_label": "ticketing"
    }
},
{
    "pk": 44, 
    "model": "contenttypes.contenttype", 
    "fields": {
        "model": "purchaser", 
        "name": "purchaser", 
        "app_label": "ticketing"
    }
},
{
    "pk": 45, 
    "model": "contenttypes.contenttype", 
    "fields": {
        "model": "transaction", 
        "name": "transaction", 
        "app_label": "ticketing"
    }
},
{
    "pk": 46, 
    "model": "contenttypes.contenttype", 
    "fields": {
        "model": "schedulable", 
        "name": "schedulable", 
        "app_label": "scheduler"
    }
},
{
    "pk": 47, 
    "model": "contenttypes.contenttype", 
    "fields": {
        "model": "resourceitem", 
        "name": "resource item", 
        "app_label": "scheduler"
    }
},
{
    "pk": 48, 
    "model": "contenttypes.contenttype", 
    "fields": {
        "model": "resource", 
        "name": "resource", 
        "app_label": "scheduler"
    }
},
{
    "pk": 49, 
    "model": "contenttypes.contenttype", 
    "fields": {
        "model": "actitem", 
        "name": "act item", 
        "app_label": "scheduler"
    }
},
{
    "pk": 50, 
    "model": "contenttypes.contenttype", 
    "fields": {
        "model": "actresource", 
        "name": "act resource", 
        "app_label": "scheduler"
    }
},
{
    "pk": 51, 
    "model": "contenttypes.contenttype", 
    "fields": {
        "model": "locationitem", 
        "name": "location item", 
        "app_label": "scheduler"
    }
},
{
    "pk": 52, 
    "model": "contenttypes.contenttype", 
    "fields": {
        "model": "location", 
        "name": "location", 
        "app_label": "scheduler"
    }
},
{
    "pk": 53, 
    "model": "contenttypes.contenttype", 
    "fields": {
        "model": "workeritem", 
        "name": "worker item", 
        "app_label": "scheduler"
    }
},
{
    "pk": 54, 
    "model": "contenttypes.contenttype", 
    "fields": {
        "model": "worker", 
        "name": "worker", 
        "app_label": "scheduler"
    }
},
{
    "pk": 55, 
    "model": "contenttypes.contenttype", 
    "fields": {
        "model": "equipmentitem", 
        "name": "equipment item", 
        "app_label": "scheduler"
    }
},
{
    "pk": 56, 
    "model": "contenttypes.contenttype", 
    "fields": {
        "model": "equipment", 
        "name": "equipment", 
        "app_label": "scheduler"
    }
},
{
    "pk": 57, 
    "model": "contenttypes.contenttype", 
    "fields": {
        "model": "eventitem", 
        "name": "event item", 
        "app_label": "scheduler"
    }
},
{
    "pk": 58, 
    "model": "contenttypes.contenttype", 
    "fields": {
        "model": "event", 
        "name": "event", 
        "app_label": "scheduler"
    }
},
{
    "pk": 59, 
    "model": "contenttypes.contenttype", 
    "fields": {
        "model": "resourceallocation", 
        "name": "resource allocation", 
        "app_label": "scheduler"
    }
},
{
    "pk": 60, 
    "model": "contenttypes.contenttype", 
    "fields": {
        "model": "ordering", 
        "name": "ordering", 
        "app_label": "scheduler"
    }
},
{
    "pk": 61, 
    "model": "contenttypes.contenttype", 
    "fields": {
        "model": "label", 
        "name": "label", 
        "app_label": "scheduler"
    }
},
{
    "pk": 62, 
    "model": "contenttypes.contenttype", 
    "fields": {
        "model": "eventcontainer", 
        "name": "event container", 
        "app_label": "scheduler"
    }
},
{
    "pk": 63, 
    "model": "contenttypes.contenttype", 
    "fields": {
        "model": "usersettings", 
        "name": "user setting", 
        "app_label": "cms"
    }
},
{
    "pk": 64, 
    "model": "contenttypes.contenttype", 
    "fields": {
        "model": "placeholder", 
        "name": "placeholder", 
        "app_label": "cms"
    }
},
{
    "pk": 65, 
    "model": "contenttypes.contenttype", 
    "fields": {
        "model": "cmsplugin", 
        "name": "cms plugin", 
        "app_label": "cms"
    }
},
{
    "pk": 66, 
    "model": "contenttypes.contenttype", 
    "fields": {
        "model": "page", 
        "name": "page", 
        "app_label": "cms"
    }
},
{
    "pk": 67, 
    "model": "contenttypes.contenttype", 
    "fields": {
        "model": "globalpagepermission", 
        "name": "Page global permission", 
        "app_label": "cms"
    }
},
{
    "pk": 68, 
    "model": "contenttypes.contenttype", 
    "fields": {
        "model": "pagepermission", 
        "name": "Page permission", 
        "app_label": "cms"
    }
},
{
    "pk": 69, 
    "model": "contenttypes.contenttype", 
    "fields": {
        "model": "pageuser", 
        "name": "User (page)", 
        "app_label": "cms"
    }
},
{
    "pk": 70, 
    "model": "contenttypes.contenttype", 
    "fields": {
        "model": "pageusergroup", 
        "name": "User group (page)", 
        "app_label": "cms"
    }
},
{
    "pk": 71, 
    "model": "contenttypes.contenttype", 
    "fields": {
        "model": "title", 
        "name": "title", 
        "app_label": "cms"
    }
},
{
    "pk": 72, 
    "model": "contenttypes.contenttype", 
    "fields": {
        "model": "placeholderreference", 
        "name": "placeholder reference", 
        "app_label": "cms"
    }
},
{
    "pk": 73, 
    "model": "contenttypes.contenttype", 
    "fields": {
        "model": "staticplaceholder", 
        "name": "static placeholder", 
        "app_label": "cms"
    }
},
{
    "pk": 74, 
    "model": "contenttypes.contenttype", 
    "fields": {
        "model": "aliaspluginmodel", 
        "name": "alias plugin model", 
        "app_label": "cms"
    }
},
{
    "pk": 75, 
    "model": "contenttypes.contenttype", 
    "fields": {
        "model": "cachekey", 
        "name": "cache key", 
        "app_label": "menus"
    }
},
{
    "pk": 76, 
    "model": "contenttypes.contenttype", 
    "fields": {
        "model": "text", 
        "name": "text", 
        "app_label": "djangocms_text_ckeditor"
    }
},
{
    "pk": 77, 
    "model": "contenttypes.contenttype", 
    "fields": {
        "model": "folder", 
        "name": "Folder", 
        "app_label": "filer"
    }
},
{
    "pk": 78, 
    "model": "contenttypes.contenttype", 
    "fields": {
        "model": "folderpermission", 
        "name": "folder permission", 
        "app_label": "filer"
    }
},
{
    "pk": 79, 
    "model": "contenttypes.contenttype", 
    "fields": {
        "model": "file", 
        "name": "file", 
        "app_label": "filer"
    }
},
{
    "pk": 80, 
    "model": "contenttypes.contenttype", 
    "fields": {
        "model": "clipboard", 
        "name": "clipboard", 
        "app_label": "filer"
    }
},
{
    "pk": 81, 
    "model": "contenttypes.contenttype", 
    "fields": {
        "model": "clipboarditem", 
        "name": "clipboard item", 
        "app_label": "filer"
    }
},
{
    "pk": 82, 
    "model": "contenttypes.contenttype", 
    "fields": {
        "model": "image", 
        "name": "image", 
        "app_label": "filer"
    }
},
{
    "pk": 83, 
    "model": "contenttypes.contenttype", 
    "fields": {
        "model": "source", 
        "name": "source", 
        "app_label": "easy_thumbnails"
    }
},
{
    "pk": 84, 
    "model": "contenttypes.contenttype", 
    "fields": {
        "model": "thumbnail", 
        "name": "thumbnail", 
        "app_label": "easy_thumbnails"
    }
},
{
    "pk": 85, 
    "model": "contenttypes.contenttype", 
    "fields": {
        "model": "thumbnaildimensions", 
        "name": "thumbnail dimensions", 
        "app_label": "easy_thumbnails"
    }
},
{
    "pk": 86, 
    "model": "contenttypes.contenttype", 
    "fields": {
        "model": "sliderplugin", 
        "name": "slider plugin", 
        "app_label": "cmsplugin_nivoslider"
    }
},
{
    "pk": 87, 
    "model": "contenttypes.contenttype", 
    "fields": {
        "model": "style", 
        "name": "style", 
        "app_label": "djangocms_style"
    }
},
{
    "pk": 88, 
    "model": "contenttypes.contenttype", 
    "fields": {
        "model": "multicolumns", 
        "name": "multi columns", 
        "app_label": "djangocms_column"
    }
},
{
    "pk": 89, 
    "model": "contenttypes.contenttype", 
    "fields": {
        "model": "column", 
        "name": "column", 
        "app_label": "djangocms_column"
    }
},
{
    "pk": 90, 
    "model": "contenttypes.contenttype", 
    "fields": {
        "model": "snippet", 
        "name": "Snippet", 
        "app_label": "djangocms_snippet"
    }
},
{
    "pk": 91, 
    "model": "contenttypes.contenttype", 
    "fields": {
        "model": "snippetptr", 
        "name": "Snippet", 
        "app_label": "djangocms_snippet"
    }
},
{
    "pk": 92, 
    "model": "contenttypes.contenttype", 
    "fields": {
        "model": "flash", 
        "name": "flash", 
        "app_label": "djangocms_flash"
    }
},
{
    "pk": 93, 
    "model": "contenttypes.contenttype", 
    "fields": {
        "model": "googlemap", 
        "name": "google map", 
        "app_label": "djangocms_googlemap"
    }
},
{
    "pk": 94, 
    "model": "contenttypes.contenttype", 
    "fields": {
        "model": "inheritpageplaceholder", 
        "name": "inherit page placeholder", 
        "app_label": "djangocms_inherit"
    }
},
{
    "pk": 95, 
    "model": "contenttypes.contenttype", 
    "fields": {
        "model": "filerfile", 
        "name": "filer file", 
        "app_label": "cmsplugin_filer_file"
    }
},
{
    "pk": 96, 
    "model": "contenttypes.contenttype", 
    "fields": {
        "model": "filerfolder", 
        "name": "filer folder", 
        "app_label": "cmsplugin_filer_folder"
    }
},
{
    "pk": 97, 
    "model": "contenttypes.contenttype", 
    "fields": {
        "model": "filerlinkplugin", 
        "name": "filer link plugin", 
        "app_label": "cmsplugin_filer_link"
    }
},
{
    "pk": 98, 
    "model": "contenttypes.contenttype", 
    "fields": {
        "model": "filerimage", 
        "name": "filer image", 
        "app_label": "cmsplugin_filer_image"
    }
},
{
    "pk": 99, 
    "model": "contenttypes.contenttype", 
    "fields": {
        "model": "thumbnailoption", 
        "name": "thumbnail option", 
        "app_label": "cmsplugin_filer_image"
    }
},
{
    "pk": 100, 
    "model": "contenttypes.contenttype", 
    "fields": {
        "model": "filerteaser", 
        "name": "filer teaser", 
        "app_label": "cmsplugin_filer_teaser"
    }
},
{
    "pk": 101, 
    "model": "contenttypes.contenttype", 
    "fields": {
        "model": "filervideo", 
        "name": "filer video", 
        "app_label": "cmsplugin_filer_video"
    }
},
{
    "pk": 102, 
    "model": "contenttypes.contenttype", 
    "fields": {
        "model": "revision", 
        "name": "revision", 
        "app_label": "reversion"
    }
},
{
    "pk": 103, 
    "model": "contenttypes.contenttype", 
    "fields": {
        "model": "version", 
        "name": "version", 
        "app_label": "reversion"
    }
},
{
    "pk": "56rektyxtmm2e6yvksut3xyyv279i88w", 
    "model": "sessions.session", 
    "fields": {
        "expire_date": "2015-09-20T18:44:48.306Z", 
        "session_data": "YmYzZWFkNzliZDcxY2RmYmFmZTFkMWFkYThlNTNkZmJmYjllNGFiYTp7Il9hdXRoX3VzZXJfYmFja2VuZCI6ImRqYW5nby5jb250cmliLmF1dGguYmFja2VuZHMuTW9kZWxCYWNrZW5kIiwiX2F1dGhfdXNlcl9pZCI6MSwiY21zX2VkaXQiOnRydWV9"
    }
},
{
    "pk": 1, 
    "model": "sites.site", 
    "fields": {
        "domain": "120.0.0.1:8000", 
        "name": "Test GBE Local"
    }
},
{
    "pk": 1, 
    "model": "reversion.version", 
    "fields": {
        "format": "json", 
        "object_repr": "Home", 
        "object_id": "1", 
        "content_type": 66, 
        "object_id_int": 1, 
        "serialized_data": "[{\"pk\": 1, \"model\": \"cms.page\", \"fields\": {\"rght\": 2, \"navigation_extenders\": null, \"site\": 1, \"application_namespace\": null, \"lft\": 1, \"in_navigation\": true, \"reverse_id\": null, \"login_required\": false, \"created_by\": \"bethlakshmi\", \"languages\": \"en-us\", \"publication_end_date\": null, \"template\": \"INHERIT\", \"tree_id\": 1, \"placeholders\": [2], \"changed_date\": \"2015-09-05T20:39:45.335Z\", \"limit_visibility_in_menu\": null, \"parent\": null, \"soft_root\": false, \"is_home\": true, \"publication_date\": \"2015-09-05T20:39:45.200Z\", \"creation_date\": \"2015-09-05T20:39:45.108Z\", \"level\": 0, \"changed_by\": \"bethlakshmi\", \"application_urls\": null, \"xframe_options\": 0, \"revision_id\": 0}}]", 
        "revision": 1
    }
},
{
    "pk": 2, 
    "model": "reversion.version", 
    "fields": {
        "format": "json", 
        "object_repr": "big_block", 
        "object_id": "2", 
        "content_type": 64, 
        "object_id_int": 2, 
        "serialized_data": "[{\"pk\": 2, \"model\": \"cms.placeholder\", \"fields\": {\"slot\": \"big_block\", \"default_width\": null}}]", 
        "revision": 1
    }
},
{
    "pk": 3, 
    "model": "reversion.version", 
    "fields": {
        "format": "json", 
        "object_repr": "Home (home, en-us)", 
        "object_id": "1", 
        "content_type": 71, 
        "object_id_int": 1, 
        "serialized_data": "[{\"pk\": 1, \"model\": \"cms.title\", \"fields\": {\"menu_title\": \"\", \"meta_description\": \"\", \"page_title\": \"\", \"language\": \"en-us\", \"title\": \"Home\", \"has_url_overwrite\": false, \"redirect\": null, \"page\": 1, \"published\": true, \"path\": \"\", \"creation_date\": \"2015-09-05T20:39:45.155Z\", \"slug\": \"home\"}}]", 
        "revision": 1
    }
},
{
    "pk": 4, 
    "model": "reversion.version", 
    "fields": {
        "format": "json", 
        "object_repr": "Home", 
        "object_id": "1", 
        "content_type": 66, 
        "object_id_int": 1, 
        "serialized_data": "[{\"pk\": 1, \"model\": \"cms.page\", \"fields\": {\"rght\": 2, \"navigation_extenders\": \"\", \"site\": 1, \"application_namespace\": null, \"lft\": 1, \"in_navigation\": true, \"reverse_id\": null, \"login_required\": false, \"created_by\": \"bethlakshmi\", \"languages\": \"en-us\", \"publication_end_date\": null, \"template\": \"INHERIT\", \"tree_id\": 1, \"placeholders\": [2], \"changed_date\": \"2015-09-05T20:39:51.643Z\", \"limit_visibility_in_menu\": null, \"parent\": null, \"soft_root\": false, \"is_home\": true, \"publication_date\": \"2015-09-05T20:39:45.200Z\", \"creation_date\": \"2015-09-05T20:39:45.108Z\", \"level\": 0, \"changed_by\": \"bethlakshmi\", \"application_urls\": \"\", \"xframe_options\": 0, \"revision_id\": 0}}]", 
        "revision": 2
    }
},
{
    "pk": 5, 
    "model": "reversion.version", 
    "fields": {
        "format": "json", 
        "object_repr": "big_block", 
        "object_id": "2", 
        "content_type": 64, 
        "object_id_int": 2, 
        "serialized_data": "[{\"pk\": 2, \"model\": \"cms.placeholder\", \"fields\": {\"slot\": \"big_block\", \"default_width\": null}}]", 
        "revision": 2
    }
},
{
    "pk": 6, 
    "model": "reversion.version", 
    "fields": {
        "format": "json", 
        "object_repr": "Home (home, en-us)", 
        "object_id": "1", 
        "content_type": 71, 
        "object_id_int": 1, 
        "serialized_data": "[{\"pk\": 1, \"model\": \"cms.title\", \"fields\": {\"menu_title\": \"\", \"meta_description\": \"\", \"page_title\": \"\", \"language\": \"en-us\", \"title\": \"Home\", \"has_url_overwrite\": false, \"redirect\": \"\", \"page\": 1, \"published\": true, \"path\": \"\", \"creation_date\": \"2015-09-05T20:39:45.155Z\", \"slug\": \"home\"}}]", 
        "revision": 2
    }
},
{
    "pk": 7, 
    "model": "reversion.version", 
    "fields": {
        "format": "json", 
        "object_repr": "About Us (about-us, en-us)", 
        "object_id": "3", 
        "content_type": 71, 
        "object_id_int": 3, 
        "serialized_data": "[{\"pk\": 3, \"model\": \"cms.title\", \"fields\": {\"menu_title\": \"\", \"meta_description\": \"\", \"page_title\": \"\", \"language\": \"en-us\", \"title\": \"About Us\", \"has_url_overwrite\": false, \"redirect\": null, \"page\": 3, \"published\": false, \"path\": \"about-us\", \"creation_date\": \"2015-09-05T20:40:02.494Z\", \"slug\": \"about-us\"}}]", 
        "revision": 3
    }
},
{
    "pk": 8, 
    "model": "reversion.version", 
    "fields": {
        "format": "json", 
        "object_repr": "About Us", 
        "object_id": "3", 
        "content_type": 66, 
        "object_id_int": 3, 
        "serialized_data": "[{\"pk\": 3, \"model\": \"cms.page\", \"fields\": {\"rght\": 2, \"navigation_extenders\": null, \"site\": 1, \"application_namespace\": null, \"lft\": 1, \"in_navigation\": true, \"reverse_id\": null, \"login_required\": false, \"created_by\": \"bethlakshmi\", \"languages\": \"en-us\", \"publication_end_date\": null, \"template\": \"INHERIT\", \"tree_id\": 3, \"placeholders\": [4], \"changed_date\": \"2015-09-05T20:40:02.497Z\", \"limit_visibility_in_menu\": null, \"parent\": null, \"soft_root\": false, \"is_home\": false, \"publication_date\": null, \"creation_date\": \"2015-09-05T20:40:02.456Z\", \"level\": 0, \"changed_by\": \"bethlakshmi\", \"application_urls\": null, \"xframe_options\": 0, \"revision_id\": 0}}]", 
        "revision": 3
    }
},
{
    "pk": 9, 
    "model": "reversion.version", 
    "fields": {
        "format": "json", 
        "object_repr": "big_block", 
        "object_id": "4", 
        "content_type": 64, 
        "object_id_int": 4, 
        "serialized_data": "[{\"pk\": 4, \"model\": \"cms.placeholder\", \"fields\": {\"slot\": \"big_block\", \"default_width\": null}}]", 
        "revision": 3
    }
},
{
    "pk": 10, 
    "model": "reversion.version", 
    "fields": {
        "format": "json", 
        "object_repr": "Home", 
        "object_id": "1", 
        "content_type": 66, 
        "object_id_int": 1, 
        "serialized_data": "[{\"pk\": 1, \"model\": \"cms.page\", \"fields\": {\"rght\": 2, \"navigation_extenders\": \"\", \"site\": 1, \"application_namespace\": null, \"lft\": 1, \"in_navigation\": true, \"reverse_id\": null, \"login_required\": false, \"created_by\": \"bethlakshmi\", \"languages\": \"en-us\", \"publication_end_date\": null, \"template\": \"INHERIT\", \"tree_id\": 1, \"placeholders\": [2], \"changed_date\": \"2015-09-05T20:40:02.582Z\", \"limit_visibility_in_menu\": null, \"parent\": null, \"soft_root\": false, \"is_home\": true, \"publication_date\": \"2015-09-05T20:39:45.200Z\", \"creation_date\": \"2015-09-05T20:39:45.108Z\", \"level\": 0, \"changed_by\": \"bethlakshmi\", \"application_urls\": \"\", \"xframe_options\": 0, \"revision_id\": 0}}]", 
        "revision": 4
    }
},
{
    "pk": 11, 
    "model": "reversion.version", 
    "fields": {
        "format": "json", 
        "object_repr": "big_block", 
        "object_id": "2", 
        "content_type": 64, 
        "object_id_int": 2, 
        "serialized_data": "[{\"pk\": 2, \"model\": \"cms.placeholder\", \"fields\": {\"slot\": \"big_block\", \"default_width\": null}}]", 
        "revision": 4
    }
},
{
    "pk": 12, 
    "model": "reversion.version", 
    "fields": {
        "format": "json", 
        "object_repr": "Home (home, en-us)", 
        "object_id": "1", 
        "content_type": 71, 
        "object_id_int": 1, 
        "serialized_data": "[{\"pk\": 1, \"model\": \"cms.title\", \"fields\": {\"menu_title\": \"\", \"meta_description\": \"\", \"page_title\": \"\", \"language\": \"en-us\", \"title\": \"Home\", \"has_url_overwrite\": false, \"redirect\": \"\", \"page\": 1, \"published\": true, \"path\": \"\", \"creation_date\": \"2015-09-05T20:39:45.155Z\", \"slug\": \"home\"}}]", 
        "revision": 4
    }
},
{
    "pk": 13, 
    "model": "reversion.version", 
    "fields": {
        "format": "json", 
        "object_repr": "1", 
        "object_id": "1", 
        "content_type": 65, 
        "object_id_int": 1, 
        "serialized_data": "[{\"pk\": 1, \"model\": \"cms.cmsplugin\", \"fields\": {\"rght\": 2, \"changed_date\": \"2015-09-05T21:04:34.759Z\", \"parent\": null, \"language\": \"en-us\", \"level\": 0, \"creation_date\": \"2015-09-05T21:04:34.736Z\", \"lft\": 1, \"tree_id\": 1, \"position\": 0, \"placeholder\": 2, \"plugin_type\": \"TextPlugin\"}}]", 
        "revision": 4
    }
},
{
    "pk": 14, 
    "model": "reversion.version", 
    "fields": {
        "format": "json", 
        "object_repr": "Home", 
        "object_id": "1", 
        "content_type": 66, 
        "object_id_int": 1, 
        "serialized_data": "[{\"pk\": 1, \"model\": \"cms.page\", \"fields\": {\"rght\": 2, \"navigation_extenders\": \"\", \"site\": 1, \"application_namespace\": null, \"lft\": 1, \"in_navigation\": true, \"reverse_id\": null, \"login_required\": false, \"created_by\": \"bethlakshmi\", \"languages\": \"en-us\", \"publication_end_date\": null, \"template\": \"INHERIT\", \"tree_id\": 1, \"placeholders\": [2], \"changed_date\": \"2015-09-05T21:04:34.850Z\", \"limit_visibility_in_menu\": null, \"parent\": null, \"soft_root\": false, \"is_home\": true, \"publication_date\": \"2015-09-05T20:39:45.200Z\", \"creation_date\": \"2015-09-05T20:39:45.108Z\", \"level\": 0, \"changed_by\": \"bethlakshmi\", \"application_urls\": \"\", \"xframe_options\": 0, \"revision_id\": 0}}]", 
        "revision": 5
    }
},
{
    "pk": 15, 
    "model": "reversion.version", 
    "fields": {
        "format": "json", 
        "object_repr": "big_block", 
        "object_id": "2", 
        "content_type": 64, 
        "object_id_int": 2, 
        "serialized_data": "[{\"pk\": 2, \"model\": \"cms.placeholder\", \"fields\": {\"slot\": \"big_block\", \"default_width\": null}}]", 
        "revision": 5
    }
},
{
    "pk": 16, 
    "model": "reversion.version", 
    "fields": {
        "format": "json", 
        "object_repr": "test", 
        "object_id": "1", 
        "content_type": 76, 
        "object_id_int": 1, 
        "serialized_data": "[{\"pk\": 1, \"model\": \"djangocms_text_ckeditor.text\", \"fields\": {\"body\": \"<p>test</p>\\n\"}}]", 
        "revision": 5
    }
},
{
    "pk": 17, 
    "model": "reversion.version", 
    "fields": {
        "format": "json", 
        "object_repr": "Home (home, en-us)", 
        "object_id": "1", 
        "content_type": 71, 
        "object_id_int": 1, 
        "serialized_data": "[{\"pk\": 1, \"model\": \"cms.title\", \"fields\": {\"menu_title\": \"\", \"meta_description\": \"\", \"page_title\": \"\", \"language\": \"en-us\", \"title\": \"Home\", \"has_url_overwrite\": false, \"redirect\": \"\", \"page\": 1, \"published\": true, \"path\": \"\", \"creation_date\": \"2015-09-05T20:39:45.155Z\", \"slug\": \"home\"}}]", 
        "revision": 5
    }
},
{
    "pk": 18, 
    "model": "reversion.version", 
    "fields": {
        "format": "json", 
        "object_repr": "1", 
        "object_id": "1", 
        "content_type": 65, 
        "object_id_int": 1, 
        "serialized_data": "[{\"pk\": 1, \"model\": \"cms.cmsplugin\", \"fields\": {\"rght\": 2, \"changed_date\": \"2015-09-05T21:04:38.151Z\", \"parent\": null, \"language\": \"en-us\", \"level\": 0, \"creation_date\": \"2015-09-05T21:04:34.736Z\", \"lft\": 1, \"tree_id\": 1, \"position\": 0, \"placeholder\": 2, \"plugin_type\": \"TextPlugin\"}}]", 
        "revision": 5
    }
},
{
    "pk": 19, 
    "model": "reversion.version", 
    "fields": {
        "format": "json", 
        "object_repr": "Home", 
        "object_id": "1", 
        "content_type": 66, 
        "object_id_int": 1, 
        "serialized_data": "[{\"pk\": 1, \"model\": \"cms.page\", \"fields\": {\"rght\": 2, \"navigation_extenders\": \"\", \"site\": 1, \"application_namespace\": null, \"lft\": 1, \"in_navigation\": true, \"reverse_id\": null, \"login_required\": false, \"created_by\": \"bethlakshmi\", \"languages\": \"en-us\", \"publication_end_date\": null, \"template\": \"INHERIT\", \"tree_id\": 1, \"placeholders\": [2], \"changed_date\": \"2015-09-05T21:04:42.005Z\", \"limit_visibility_in_menu\": null, \"parent\": null, \"soft_root\": false, \"is_home\": true, \"publication_date\": \"2015-09-05T20:39:45.200Z\", \"creation_date\": \"2015-09-05T20:39:45.108Z\", \"level\": 0, \"changed_by\": \"bethlakshmi\", \"application_urls\": \"\", \"xframe_options\": 0, \"revision_id\": 0}}]", 
        "revision": 6
    }
},
{
    "pk": 20, 
    "model": "reversion.version", 
    "fields": {
        "format": "json", 
        "object_repr": "big_block", 
        "object_id": "2", 
        "content_type": 64, 
        "object_id_int": 2, 
        "serialized_data": "[{\"pk\": 2, \"model\": \"cms.placeholder\", \"fields\": {\"slot\": \"big_block\", \"default_width\": null}}]", 
        "revision": 6
    }
},
{
    "pk": 21, 
    "model": "reversion.version", 
    "fields": {
        "format": "json", 
        "object_repr": "test", 
        "object_id": "1", 
        "content_type": 76, 
        "object_id_int": 1, 
        "serialized_data": "[{\"pk\": 1, \"model\": \"djangocms_text_ckeditor.text\", \"fields\": {\"body\": \"<p>test</p>\\n\"}}]", 
        "revision": 6
    }
},
{
    "pk": 22, 
    "model": "reversion.version", 
    "fields": {
        "format": "json", 
        "object_repr": "Home (home, en-us)", 
        "object_id": "1", 
        "content_type": 71, 
        "object_id_int": 1, 
        "serialized_data": "[{\"pk\": 1, \"model\": \"cms.title\", \"fields\": {\"menu_title\": \"\", \"meta_description\": \"\", \"page_title\": \"\", \"language\": \"en-us\", \"title\": \"Home\", \"has_url_overwrite\": false, \"redirect\": \"\", \"page\": 1, \"published\": true, \"path\": \"\", \"creation_date\": \"2015-09-05T20:39:45.155Z\", \"slug\": \"home\"}}]", 
        "revision": 6
    }
},
{
    "pk": 23, 
    "model": "reversion.version", 
    "fields": {
        "format": "json", 
        "object_repr": "1", 
        "object_id": "1", 
        "content_type": 65, 
        "object_id_int": 1, 
        "serialized_data": "[{\"pk\": 1, \"model\": \"cms.cmsplugin\", \"fields\": {\"rght\": 2, \"changed_date\": \"2015-09-05T21:04:38.151Z\", \"parent\": null, \"language\": \"en-us\", \"level\": 0, \"creation_date\": \"2015-09-05T21:04:34.736Z\", \"lft\": 1, \"tree_id\": 1, \"position\": 0, \"placeholder\": 2, \"plugin_type\": \"TextPlugin\"}}]", 
        "revision": 6
    }
},
{
    "pk": 1, 
    "model": "gbe.conference", 
    "fields": {
        "status": "completed", 
        "conference_slug": "GBE2015", 
        "accepting_bids": false, 
        "conference_name": "The Great Burlesque Expo 9"
    }
},
{
    "pk": 2, 
    "model": "gbe.conference", 
    "fields": {
        "status": "ongoing", 
        "conference_slug": "GBE2016", 
        "accepting_bids": false, 
        "conference_name": "The Great Burlesque Expo 10"
    }
},
{
    "pk": 3, 
    "model": "gbe.conference", 
    "fields": {
        "status": "upcoming", 
        "conference_slug": "GBE2017", 
        "accepting_bids": true, 
        "conference_name": "The Great Burlesque Expo 11"
    }
},
{
    "pk": 1, 
    "model": "gbe.biddable", 
    "fields": {
        "conference": 3, 
        "description": "Class", 
        "title": "Class 2017", 
        "created_at": "2015-09-05T21:24:49.398Z", 
        "updated_at": "2015-09-05T21:25:54.895Z", 
        "submitted": true, 
        "accepted": 0
    }
},
{
    "pk": 2, 
    "model": "gbe.biddable", 
    "fields": {
        "conference": 2, 
        "description": "Class", 
        "title": "Class 2016", 
        "created_at": "2015-09-05T21:26:35.059Z", 
        "updated_at": "2015-09-05T21:26:35.059Z", 
        "submitted": true, 
        "accepted": 3
    }
},
{
    "pk": 3, 
    "model": "gbe.biddable", 
    "fields": {
        "conference": 1, 
        "description": "Class", 
        "title": "Class 2015", 
        "created_at": "2015-09-05T21:26:57.115Z", 
        "updated_at": "2015-09-05T21:26:57.115Z", 
        "submitted": true, 
        "accepted": 3
    }
},
{
    "pk": 5, 
    "model": "gbe.performer", 
    "fields": {
        "bio": "Betty Blaize is a test persona", 
        "name": "Betty Blaize", 
        "promo_image": "", 
        "experience": 10, 
        "contact": 1, 
        "awards": "", 
        "festivals": "", 
        "homepage": "http://www.bostonbeautease.com/"
    }
},
{
    "pk": 5, 
    "model": "gbe.persona", 
    "fields": {
        "performer_profile": 1
    }
},
{
    "pk": 2, 
    "model": "gbe.room", 
    "fields": {
        "capacity": 200, 
        "name": "Ballroom", 
        "overbook_size": 300
    }
},
{
    "pk": 3, 
    "model": "gbe.room", 
    "fields": {
        "capacity": 25, 
        "name": "Crispus Attucks", 
        "overbook_size": 40
    }
},
{
    "pk": 4, 
    "model": "gbe.room", 
    "fields": {
        "capacity": 5, 
        "name": "Reg Desk", 
        "overbook_size": 5
    }
},
{
    "pk": 1, 
    "model": "gbe.event", 
    "fields": {
        "conference": 1, 
        "description": "The Main Event 2015", 
        "title": "The Main Event 2015", 
        "notes": "", 
        "eventitem_ptr": 1, 
        "duration": "120:00", 
        "blurb": ""
    }
},
{
    "pk": 2, 
    "model": "gbe.event", 
    "fields": {
        "conference": 2, 
        "description": "The Main Event 2016", 
        "title": "The Main Event 2016", 
        "notes": "", 
        "eventitem_ptr": 2, 
        "duration": "120:00", 
        "blurb": ""
    }
},
{
    "pk": 3, 
    "model": "gbe.event", 
    "fields": {
        "conference": 3, 
        "description": "The Main Event 2017", 
        "title": "The Main Event 2017", 
        "notes": "", 
        "eventitem_ptr": 3, 
        "duration": "120:00", 
        "blurb": ""
    }
},
{
    "pk": 4, 
    "model": "gbe.event", 
    "fields": {
        "conference": 3, 
        "description": "Master Class", 
        "title": "Master Class 2017", 
        "notes": "", 
        "eventitem_ptr": 4, 
        "duration": "90:00", 
        "blurb": ""
    }
},
{
    "pk": 5, 
    "model": "gbe.event", 
    "fields": {
        "conference": 2, 
        "description": "Master Class", 
        "title": "Master Class 2016", 
        "notes": "", 
        "eventitem_ptr": 5, 
        "duration": "90:00", 
        "blurb": ""
    }
},
{
    "pk": 6, 
    "model": "gbe.event", 
    "fields": {
        "conference": 1, 
        "description": "Master Class", 
        "title": "Master Class 2015", 
        "notes": "", 
        "eventitem_ptr": 6, 
        "duration": "90:00", 
        "blurb": ""
    }
},
{
    "pk": 7, 
    "model": "gbe.event", 
    "fields": {
        "conference": 1, 
        "description": "Pool Party", 
        "title": "Pool Party 2015", 
        "notes": "", 
        "eventitem_ptr": 7, 
        "duration": "180:00", 
        "blurb": ""
    }
},
{
    "pk": 8, 
    "model": "gbe.event", 
    "fields": {
        "conference": 2, 
        "description": "Pool Party", 
        "title": "Pool Party 2016", 
        "notes": "", 
        "eventitem_ptr": 8, 
        "duration": "180:00", 
        "blurb": ""
    }
},
{
    "pk": 9, 
    "model": "gbe.event", 
    "fields": {
        "conference": 3, 
        "description": "Pool Party", 
        "title": "Pool Party 2017", 
        "notes": "", 
        "eventitem_ptr": 9, 
        "duration": "180:00", 
        "blurb": ""
    }
},
{
    "pk": 10, 
    "model": "gbe.event", 
    "fields": {
        "conference": 1, 
        "description": "Volunteer", 
        "title": "Volunteer 2015", 
        "notes": "", 
        "eventitem_ptr": 10, 
        "duration": "180:00", 
        "blurb": ""
    }
},
{
    "pk": 11, 
    "model": "gbe.event", 
    "fields": {
        "conference": 2, 
        "description": "Volunteer", 
        "title": "Volunteer 2016", 
        "notes": "", 
        "eventitem_ptr": 11, 
        "duration": "180:00", 
        "blurb": ""
    }
},
{
    "pk": 12, 
    "model": "gbe.event", 
    "fields": {
        "conference": 3, 
        "description": "Volunteer", 
        "title": "Volunteer 2017", 
        "notes": "", 
        "eventitem_ptr": 12, 
        "duration": "180:00", 
        "blurb": ""
    }
},
{
    "pk": 13, 
    "model": "gbe.event", 
    "fields": {
        "conference": 3, 
        "description": "Class", 
        "title": "Class 2017", 
        "notes": "", 
        "eventitem_ptr": 13, 
        "duration": "60:00", 
        "blurb": ""
    }
},
{
    "pk": 14, 
    "model": "gbe.event", 
    "fields": {
        "conference": 2, 
        "description": "Class", 
        "title": "Class 2016", 
        "notes": "", 
        "eventitem_ptr": 14, 
        "duration": "60:00", 
        "blurb": ""
    }
},
{
    "pk": 15, 
    "model": "gbe.event", 
    "fields": {
        "conference": 1, 
        "description": "Class", 
        "title": "Class 2015", 
        "notes": "", 
        "eventitem_ptr": 15, 
        "duration": "60:00", 
        "blurb": ""
    }
},
{
    "pk": 1, 
    "model": "gbe.show", 
    "fields": {
        "acts": [], 
        "mc": []
    }
},
{
    "pk": 2, 
    "model": "gbe.show", 
    "fields": {
        "acts": [], 
        "mc": []
    }
},
{
    "pk": 3, 
    "model": "gbe.show", 
    "fields": {
        "acts": [], 
        "mc": []
    }
},
{
    "pk": 6, 
    "model": "gbe.genericevent", 
    "fields": {
        "volunteer_category": "", 
        "type": "Master"
    }
},
{
    "pk": 5, 
    "model": "gbe.genericevent", 
    "fields": {
        "volunteer_category": "", 
        "type": "Master"
    }
},
{
    "pk": 4, 
    "model": "gbe.genericevent", 
    "fields": {
        "volunteer_category": "", 
        "type": "Master"
    }
},
{
    "pk": 7, 
    "model": "gbe.genericevent", 
    "fields": {
        "volunteer_category": "", 
        "type": "Special"
    }
},
{
    "pk": 8, 
    "model": "gbe.genericevent", 
    "fields": {
        "volunteer_category": "", 
        "type": "Special"
    }
},
{
    "pk": 9, 
    "model": "gbe.genericevent", 
    "fields": {
        "volunteer_category": "", 
        "type": "Special"
    }
},
{
    "pk": 10, 
    "model": "gbe.genericevent", 
    "fields": {
        "volunteer_category": "", 
        "type": "Volunteer"
    }
},
{
    "pk": 11, 
    "model": "gbe.genericevent", 
    "fields": {
        "volunteer_category": "", 
        "type": "Volunteer"
    }
},
{
    "pk": 12, 
    "model": "gbe.genericevent", 
    "fields": {
        "volunteer_category": "", 
        "type": "Volunteer"
    }
},
{
    "pk": 1, 
    "model": "gbe.class", 
    "fields": {
        "minimum_enrollment": 1, 
        "fee": 0, 
        "multiple_run": "No", 
        "space_needs": "", 
        "length_minutes": 60, 
        "run_before": "", 
        "maximum_enrollment": 20, 
        "schedule_constraints": "[u'0']", 
        "other_teachers": "", 
        "physical_restrictions": "", 
        "organization": "", 
        "event_ptr": 13, 
        "type": "Lecture", 
        "teacher": 5, 
        "history": ""
    }
},
{
    "pk": 2, 
    "model": "gbe.class", 
    "fields": {
        "minimum_enrollment": 1, 
        "fee": 0, 
        "multiple_run": "No", 
        "space_needs": "", 
        "length_minutes": 60, 
        "run_before": "", 
        "maximum_enrollment": 20, 
        "schedule_constraints": "", 
        "other_teachers": "", 
        "physical_restrictions": "", 
        "organization": "", 
        "event_ptr": 14, 
        "type": "Lecture", 
        "teacher": 5, 
        "history": ""
    }
},
{
    "pk": 3, 
    "model": "gbe.class", 
    "fields": {
        "minimum_enrollment": 1, 
        "fee": 0, 
        "multiple_run": "No", 
        "space_needs": "", 
        "length_minutes": 60, 
        "run_before": "", 
        "maximum_enrollment": 20, 
        "schedule_constraints": "", 
        "other_teachers": "", 
        "physical_restrictions": "", 
        "organization": "", 
        "event_ptr": 15, 
        "type": "Lecture", 
        "teacher": 5, 
        "history": ""
    }
},
{
    "pk": 1, 
    "model": "gbe.profilepreferences", 
    "fields": {
        "profile": 1, 
        "inform_about": "[]", 
        "show_hotel_infobox": true, 
        "in_hotel": ""
    }
},
{
    "pk": 1, 
    "model": "ticketing.brownpaperevents", 
    "fields": {
        "conference": 3, 
        "act_submission_event": false, 
        "badgeable": false, 
        "primary": false, 
        "include_most": false, 
        "vendor_submission_event": true, 
        "linked_events": [], 
        "ticket_style": "Print 4 of each vendor", 
        "bpt_event_id": "111111", 
        "include_conference": false
    }
},
{
    "pk": 2, 
    "model": "ticketing.brownpaperevents", 
    "fields": {
        "conference": 3, 
        "act_submission_event": true, 
        "badgeable": true, 
        "primary": false, 
        "include_most": false, 
        "vendor_submission_event": false, 
        "linked_events": [], 
        "ticket_style": "wristband", 
        "bpt_event_id": "222222", 
        "include_conference": false
    }
},
{
    "pk": 3, 
    "model": "ticketing.brownpaperevents", 
    "fields": {
        "conference": 3, 
        "act_submission_event": false, 
        "badgeable": false, 
        "primary": true, 
        "include_most": true, 
        "vendor_submission_event": false, 
        "linked_events": [], 
        "ticket_style": "Whole Shebang Badge", 
        "bpt_event_id": "333333", 
        "include_conference": false
    }
},
{
    "pk": 4, 
    "model": "ticketing.brownpaperevents", 
    "fields": {
        "conference": 2, 
        "act_submission_event": false, 
        "badgeable": true, 
        "primary": true, 
        "include_most": true, 
        "vendor_submission_event": false, 
        "linked_events": [], 
        "ticket_style": "Whole Shebang Badge", 
        "bpt_event_id": "333334", 
        "include_conference": false
    }
},
{
    "pk": 5, 
    "model": "ticketing.brownpaperevents", 
    "fields": {
        "conference": 1, 
        "act_submission_event": false, 
        "badgeable": true, 
        "primary": true, 
        "include_most": true, 
        "vendor_submission_event": false, 
        "linked_events": [], 
        "ticket_style": "Whole Shebang Badge", 
        "bpt_event_id": "333335", 
        "include_conference": false
    }
},
{
    "pk": 6, 
    "model": "ticketing.brownpaperevents", 
    "fields": {
        "conference": 3, 
        "act_submission_event": false, 
        "badgeable": true, 
        "primary": true, 
        "include_most": false, 
        "vendor_submission_event": false, 
        "linked_events": [], 
        "ticket_style": "The Scholar", 
        "bpt_event_id": "444444", 
        "include_conference": true
    }
},
{
    "pk": 7, 
    "model": "ticketing.brownpaperevents", 
    "fields": {
        "conference": 2, 
        "act_submission_event": false, 
        "badgeable": true, 
        "primary": true, 
        "include_most": false, 
        "vendor_submission_event": false, 
        "linked_events": [], 
        "ticket_style": "The Scholar", 
        "bpt_event_id": "444445", 
        "include_conference": true
    }
},
{
    "pk": 8, 
    "model": "ticketing.brownpaperevents", 
    "fields": {
        "conference": 1, 
        "act_submission_event": false, 
        "badgeable": true, 
        "primary": true, 
        "include_most": false, 
        "vendor_submission_event": false, 
        "linked_events": [], 
        "ticket_style": "The Scholar", 
        "bpt_event_id": "444446", 
        "include_conference": true
    }
},
{
    "pk": 9, 
    "model": "ticketing.brownpaperevents", 
    "fields": {
        "conference": 2, 
        "act_submission_event": false, 
        "badgeable": true, 
        "primary": false, 
        "include_most": false, 
        "vendor_submission_event": true, 
        "linked_events": [], 
        "ticket_style": "Print 4 of each vendors", 
        "bpt_event_id": "111112", 
        "include_conference": false
    }
},
{
    "pk": 10, 
    "model": "ticketing.brownpaperevents", 
    "fields": {
        "conference": 1, 
        "act_submission_event": false, 
        "badgeable": false, 
        "primary": false, 
        "include_most": false, 
        "vendor_submission_event": true, 
        "linked_events": [], 
        "ticket_style": "Print 4 of each vendors", 
        "bpt_event_id": "111113", 
        "include_conference": false
    }
},
{
    "pk": 11, 
    "model": "ticketing.brownpaperevents", 
    "fields": {
        "conference": 2, 
        "act_submission_event": true, 
        "badgeable": false, 
        "primary": false, 
        "include_most": false, 
        "vendor_submission_event": false, 
        "linked_events": [], 
        "ticket_style": "wristband", 
        "bpt_event_id": "222223", 
        "include_conference": false
    }
},
{
    "pk": 12, 
    "model": "ticketing.brownpaperevents", 
    "fields": {
        "conference": 1, 
        "act_submission_event": true, 
        "badgeable": false, 
        "primary": false, 
        "include_most": false, 
        "vendor_submission_event": false, 
        "linked_events": [], 
        "ticket_style": "wristband", 
        "bpt_event_id": "222224", 
        "include_conference": false
    }
},
{
    "pk": 13, 
    "model": "ticketing.brownpaperevents", 
    "fields": {
        "conference": 1, 
        "act_submission_event": false, 
        "badgeable": false, 
        "primary": false, 
        "include_most": false, 
        "vendor_submission_event": false, 
        "linked_events": [
            6
        ], 
        "ticket_style": "print agenda and give to teacher by 9:00 AM", 
        "bpt_event_id": "555555", 
        "include_conference": false
    }
},
{
    "pk": 14, 
    "model": "ticketing.brownpaperevents", 
    "fields": {
        "conference": 2, 
        "act_submission_event": false, 
        "badgeable": false, 
        "primary": false, 
        "include_most": false, 
        "vendor_submission_event": false, 
        "linked_events": [
            5
        ], 
        "ticket_style": "print agenda and give to teacher by 9:00 AM", 
        "bpt_event_id": "555556", 
        "include_conference": false
    }
},
{
    "pk": 15, 
    "model": "ticketing.brownpaperevents", 
    "fields": {
        "conference": 3, 
        "act_submission_event": false, 
        "badgeable": false, 
        "primary": false, 
        "include_most": false, 
        "vendor_submission_event": false, 
        "linked_events": [
            4
        ], 
        "ticket_style": "print agenda and give to teacher by 9:00 AM", 
        "bpt_event_id": "555557", 
        "include_conference": false
    }
},
{
    "pk": 1, 
    "model": "ticketing.ticketitem", 
    "fields": {
        "modified_by": "bethlakshmi", 
        "description": "The Whole Shebang 2016", 
        "title": "The Whole Shebang 2016", 
        "datestamp": "2015-09-05T21:42:36.297Z", 
        "cost": "1", 
        "ticket_id": "333334-1", 
        "active": true, 
        "bpt_event": 4
    }
},
{
    "pk": 2, 
    "model": "ticketing.ticketitem", 
    "fields": {
        "modified_by": "bethlakshmi", 
        "description": "The Whole Shebang 2016", 
        "title": "The Whole Shebang 2016", 
        "datestamp": "2015-09-05T21:42:46.660Z", 
        "cost": "1", 
        "ticket_id": "333334-0", 
        "active": false, 
        "bpt_event": 4
    }
},
{
    "pk": 3, 
    "model": "ticketing.ticketitem", 
    "fields": {
        "modified_by": "bethlakshmi", 
        "description": "The Scholar 2016", 
        "title": "The Scholar 2016", 
        "datestamp": "2015-09-05T21:42:55.894Z", 
        "cost": "1", 
        "ticket_id": "444445-1", 
        "active": true, 
        "bpt_event": 7
    }
},
{
    "pk": 4, 
    "model": "ticketing.ticketitem", 
    "fields": {
        "modified_by": "bethlakshmi", 
        "description": "The Scholar 2017", 
        "title": "The Scholar 2016", 
        "datestamp": "2015-09-05T22:15:34.996Z", 
        "cost": "1", 
        "ticket_id": "444445-0", 
        "active": false, 
        "bpt_event": 7
    }
},
{
    "pk": 5, 
    "model": "ticketing.ticketitem", 
    "fields": {
        "modified_by": "bethlakshmi", 
        "description": "Act 2016", 
        "title": "Act 2016", 
        "datestamp": "2015-09-05T21:43:39.084Z", 
        "cost": "1", 
        "ticket_id": "222223", 
        "active": true, 
        "bpt_event": 11
    }
},
{
    "pk": 6, 
    "model": "ticketing.ticketitem", 
    "fields": {
        "modified_by": "bethlakshmi", 
        "description": "Vendor 2016", 
        "title": "Vendor 2016", 
        "datestamp": "2015-09-05T21:43:27.205Z", 
        "cost": "1", 
        "ticket_id": "111112", 
        "active": true, 
        "bpt_event": 9
    }
},
{
    "pk": 7, 
    "model": "ticketing.ticketitem", 
    "fields": {
        "modified_by": "bethlakshmi", 
        "description": "Master Class 2016", 
        "title": "Master Class 2016", 
        "datestamp": "2015-09-05T21:45:32.915Z", 
        "cost": "1", 
        "ticket_id": "555556-1", 
        "active": true, 
        "bpt_event": 14
    }
},
{
    "pk": 8, 
    "model": "ticketing.ticketitem", 
    "fields": {
        "modified_by": "Unit Test", 
        "description": "The Whole Shebang 2015", 
        "title": "The Whole Shebang 2015", 
        "datestamp": "2015-09-05T22:04:07.647Z", 
        "cost": "1", 
        "ticket_id": "333335-1", 
        "active": true, 
        "bpt_event": 5
    }
},
{
    "pk": 9, 
    "model": "ticketing.ticketitem", 
    "fields": {
        "modified_by": "bethlakshmi", 
        "description": "444446", 
        "title": "The Scholar 2015", 
        "datestamp": "2015-09-05T22:08:16.409Z", 
        "cost": "1", 
        "ticket_id": "444446-1", 
        "active": true, 
        "bpt_event": 8
    }
},
{
    "pk": 10, 
    "model": "ticketing.ticketitem", 
    "fields": {
        "modified_by": "bethlakshmi", 
        "description": "111113", 
        "title": "Vendor 2015", 
        "datestamp": "2015-09-05T22:10:47.439Z", 
        "cost": "1", 
        "ticket_id": "111113", 
        "active": true, 
        "bpt_event": 10
    }
},
{
    "pk": 11, 
    "model": "ticketing.ticketitem", 
    "fields": {
        "modified_by": "bethlakshmi", 
        "description": "222224", 
        "title": "Act 2015", 
        "datestamp": "2015-09-05T22:10:19.441Z", 
        "cost": "1", 
        "ticket_id": "222224", 
        "active": true, 
        "bpt_event": 12
    }
},
{
    "pk": 12, 
    "model": "ticketing.ticketitem", 
    "fields": {
        "modified_by": "bethlakshmi", 
        "description": "555555", 
        "title": "Master Class 2015", 
        "datestamp": "2015-09-05T22:15:01.581Z", 
        "cost": "1", 
        "ticket_id": "555555-1", 
        "active": true, 
        "bpt_event": 13
    }
},
{
    "pk": 13, 
    "model": "ticketing.ticketitem", 
    "fields": {
        "modified_by": "bethlakshmi", 
        "description": "111111-1", 
        "title": "Vendor 2017", 
        "datestamp": "2015-09-05T22:16:15.170Z", 
        "cost": "1", 
        "ticket_id": "111111-1", 
        "active": true, 
        "bpt_event": 1
    }
},
{
    "pk": 14, 
    "model": "ticketing.ticketitem", 
    "fields": {
        "modified_by": "bethlakshmi", 
        "description": "222222-1", 
        "title": "Act 2017", 
        "datestamp": "2015-09-05T22:16:50.731Z", 
        "cost": "1", 
        "ticket_id": "222222-1", 
        "active": true, 
        "bpt_event": 2
    }
},
{
    "pk": 15, 
    "model": "ticketing.ticketitem", 
    "fields": {
        "modified_by": "bethlakshmi", 
        "description": "333333", 
        "title": "Whole Shebang 2017", 
        "datestamp": "2015-09-05T22:17:31.121Z", 
        "cost": "1", 
        "ticket_id": "333333-1", 
        "active": true, 
        "bpt_event": 3
    }
},
{
    "pk": 16, 
    "model": "ticketing.ticketitem", 
    "fields": {
        "modified_by": "bethlakshmi", 
        "description": "444444", 
        "title": "The Scholar 2017", 
        "datestamp": "2015-09-05T22:18:09.641Z", 
        "cost": "1", 
        "ticket_id": "444444-1", 
        "active": true, 
        "bpt_event": 6
    }
},
{
    "pk": 17, 
    "model": "ticketing.ticketitem", 
    "fields": {
        "modified_by": "bethlakshmi", 
        "description": "555557", 
        "title": "Master Class 2017", 
        "datestamp": "2015-09-05T22:18:48.919Z", 
        "cost": "1", 
        "ticket_id": "555557-1", 
        "active": true, 
        "bpt_event": 15
    }
},
{
    "pk": 18, 
    "model": "ticketing.ticketitem", 
    "fields": {
        "modified_by": "bethlakshmi", 
        "description": "discount, also active", 
        "title": "The Scholar 2017 - discount", 
        "datestamp": "2015-09-06T01:08:50.266Z", 
        "cost": "0.5", 
        "ticket_id": "444444-2", 
        "active": true, 
        "bpt_event": 6
    }
},
{
    "pk": 1, 
    "model": "ticketing.transaction", 
    "fields": {
        "purchaser": 1, 
        "ticket_item": 2, 
        "reference": "reference", 
        "payment_source": "credit card", 
        "shipping_method": "electronic", 
        "import_date": "2015-09-06T18:18:58.573Z", 
        "amount": "1", 
        "order_date": "2015-09-06T14:18:31Z", 
        "order_notes": "pickup at desk"
    }
},
{
    "pk": 2, 
    "model": "ticketing.transaction", 
    "fields": {
        "purchaser": 1, 
        "ticket_item": 8, 
        "reference": "reference", 
        "payment_source": "credit card", 
        "shipping_method": "electronic", 
        "import_date": "2015-09-06T18:19:30.427Z", 
        "amount": "1", 
        "order_date": "2015-09-06T14:19:13Z", 
        "order_notes": "pickup at desk"
    }
},
{
    "pk": 3, 
    "model": "ticketing.transaction", 
    "fields": {
        "purchaser": 1, 
        "ticket_item": 15, 
        "reference": "reference", 
        "payment_source": "credit card", 
        "shipping_method": "electronic", 
        "import_date": "2015-09-06T18:19:50.447Z", 
        "amount": "1", 
        "order_date": "2015-09-06T14:19:42Z", 
        "order_notes": "asdf"
    }
},
{
    "pk": 4, 
    "model": "ticketing.transaction", 
    "fields": {
        "purchaser": 1, 
        "ticket_item": 5, 
        "reference": "reference", 
        "payment_source": "credit card", 
        "shipping_method": "electronic", 
        "import_date": "2015-09-06T18:20:47.590Z", 
        "amount": "1", 
        "order_date": "2015-09-06T14:19:13Z", 
        "order_notes": "asdf"
    }
},
{
    "pk": 5, 
    "model": "ticketing.transaction", 
    "fields": {
        "purchaser": 1, 
        "ticket_item": 6, 
        "reference": "reference", 
        "payment_source": "credit card", 
        "shipping_method": "electronic", 
        "import_date": "2015-09-06T18:21:06.163Z", 
        "amount": "1", 
        "order_date": "2015-09-06T14:19:42Z", 
        "order_notes": "asdf"
    }
},
{
    "pk": 1, 
    "model": "scheduler.resourceitem", 
    "fields": {}
},
{
    "pk": 2, 
    "model": "scheduler.resourceitem", 
    "fields": {}
},
{
    "pk": 3, 
    "model": "scheduler.resourceitem", 
    "fields": {}
},
{
    "pk": 4, 
    "model": "scheduler.resourceitem", 
    "fields": {}
},
{
    "pk": 5, 
    "model": "scheduler.resourceitem", 
    "fields": {}
},
{
    "pk": 2, 
    "model": "scheduler.locationitem", 
    "fields": {}
},
{
    "pk": 3, 
    "model": "scheduler.locationitem", 
    "fields": {}
},
{
    "pk": 4, 
    "model": "scheduler.locationitem", 
    "fields": {}
},
{
    "pk": 1, 
    "model": "scheduler.workeritem", 
    "fields": {}
},
{
    "pk": 5, 
    "model": "scheduler.workeritem", 
    "fields": {}
},
{
    "pk": 1, 
    "model": "scheduler.eventitem", 
    "fields": {
        "visible": true
    }
},
{
    "pk": 2, 
    "model": "scheduler.eventitem", 
    "fields": {
        "visible": true
    }
},
{
    "pk": 3, 
    "model": "scheduler.eventitem", 
    "fields": {
        "visible": true
    }
},
{
    "pk": 4, 
    "model": "scheduler.eventitem", 
    "fields": {
        "visible": true
    }
},
{
    "pk": 5, 
    "model": "scheduler.eventitem", 
    "fields": {
        "visible": true
    }
},
{
    "pk": 6, 
    "model": "scheduler.eventitem", 
    "fields": {
        "visible": true
    }
},
{
    "pk": 7, 
    "model": "scheduler.eventitem", 
    "fields": {
        "visible": true
    }
},
{
    "pk": 8, 
    "model": "scheduler.eventitem", 
    "fields": {
        "visible": true
    }
},
{
    "pk": 9, 
    "model": "scheduler.eventitem", 
    "fields": {
        "visible": true
    }
},
{
    "pk": 10, 
    "model": "scheduler.eventitem", 
    "fields": {
        "visible": true
    }
},
{
    "pk": 11, 
    "model": "scheduler.eventitem", 
    "fields": {
        "visible": true
    }
},
{
    "pk": 12, 
    "model": "scheduler.eventitem", 
    "fields": {
        "visible": true
    }
},
{
    "pk": 13, 
    "model": "scheduler.eventitem", 
    "fields": {
        "visible": true
    }
},
{
    "pk": 14, 
    "model": "scheduler.eventitem", 
    "fields": {
        "visible": true
    }
},
{
    "pk": 15, 
    "model": "scheduler.eventitem", 
    "fields": {
        "visible": true
    }
},
{
    "pk": 1, 
    "model": "auth.permission", 
    "fields": {
        "codename": "add_migrationhistory", 
        "name": "Can add migration history", 
        "content_type": 1
    }
},
{
    "pk": 2, 
    "model": "auth.permission", 
    "fields": {
        "codename": "change_migrationhistory", 
        "name": "Can change migration history", 
        "content_type": 1
    }
},
{
    "pk": 3, 
    "model": "auth.permission", 
    "fields": {
        "codename": "delete_migrationhistory", 
        "name": "Can delete migration history", 
        "content_type": 1
    }
},
{
    "pk": 4, 
    "model": "auth.permission", 
    "fields": {
        "codename": "add_permission", 
        "name": "Can add permission", 
        "content_type": 2
    }
},
{
    "pk": 5, 
    "model": "auth.permission", 
    "fields": {
        "codename": "change_permission", 
        "name": "Can change permission", 
        "content_type": 2
    }
},
{
    "pk": 6, 
    "model": "auth.permission", 
    "fields": {
        "codename": "delete_permission", 
        "name": "Can delete permission", 
        "content_type": 2
    }
},
{
    "pk": 7, 
    "model": "auth.permission", 
    "fields": {
        "codename": "add_group", 
        "name": "Can add group", 
        "content_type": 3
    }
},
{
    "pk": 8, 
    "model": "auth.permission", 
    "fields": {
        "codename": "change_group", 
        "name": "Can change group", 
        "content_type": 3
    }
},
{
    "pk": 9, 
    "model": "auth.permission", 
    "fields": {
        "codename": "delete_group", 
        "name": "Can delete group", 
        "content_type": 3
    }
},
{
    "pk": 10, 
    "model": "auth.permission", 
    "fields": {
        "codename": "add_user", 
        "name": "Can add user", 
        "content_type": 4
    }
},
{
    "pk": 11, 
    "model": "auth.permission", 
    "fields": {
        "codename": "change_user", 
        "name": "Can change user", 
        "content_type": 4
    }
},
{
    "pk": 12, 
    "model": "auth.permission", 
    "fields": {
        "codename": "delete_user", 
        "name": "Can delete user", 
        "content_type": 4
    }
},
{
    "pk": 13, 
    "model": "auth.permission", 
    "fields": {
        "codename": "add_contenttype", 
        "name": "Can add content type", 
        "content_type": 5
    }
},
{
    "pk": 14, 
    "model": "auth.permission", 
    "fields": {
        "codename": "change_contenttype", 
        "name": "Can change content type", 
        "content_type": 5
    }
},
{
    "pk": 15, 
    "model": "auth.permission", 
    "fields": {
        "codename": "delete_contenttype", 
        "name": "Can delete content type", 
        "content_type": 5
    }
},
{
    "pk": 16, 
    "model": "auth.permission", 
    "fields": {
        "codename": "add_session", 
        "name": "Can add session", 
        "content_type": 6
    }
},
{
    "pk": 17, 
    "model": "auth.permission", 
    "fields": {
        "codename": "change_session", 
        "name": "Can change session", 
        "content_type": 6
    }
},
{
    "pk": 18, 
    "model": "auth.permission", 
    "fields": {
        "codename": "delete_session", 
        "name": "Can delete session", 
        "content_type": 6
    }
},
{
    "pk": 19, 
    "model": "auth.permission", 
    "fields": {
        "codename": "add_logentry", 
        "name": "Can add log entry", 
        "content_type": 7
    }
},
{
    "pk": 20, 
    "model": "auth.permission", 
    "fields": {
        "codename": "change_logentry", 
        "name": "Can change log entry", 
        "content_type": 7
    }
},
{
    "pk": 21, 
    "model": "auth.permission", 
    "fields": {
        "codename": "delete_logentry", 
        "name": "Can delete log entry", 
        "content_type": 7
    }
},
{
    "pk": 22, 
    "model": "auth.permission", 
    "fields": {
        "codename": "add_site", 
        "name": "Can add site", 
        "content_type": 8
    }
},
{
    "pk": 23, 
    "model": "auth.permission", 
    "fields": {
        "codename": "change_site", 
        "name": "Can change site", 
        "content_type": 8
    }
},
{
    "pk": 24, 
    "model": "auth.permission", 
    "fields": {
        "codename": "delete_site", 
        "name": "Can delete site", 
        "content_type": 8
    }
},
{
    "pk": 25, 
    "model": "auth.permission", 
    "fields": {
        "codename": "add_flatpage", 
        "name": "Can add flat page", 
        "content_type": 9
    }
},
{
    "pk": 26, 
    "model": "auth.permission", 
    "fields": {
        "codename": "change_flatpage", 
        "name": "Can change flat page", 
        "content_type": 9
    }
},
{
    "pk": 27, 
    "model": "auth.permission", 
    "fields": {
        "codename": "delete_flatpage", 
        "name": "Can delete flat page", 
        "content_type": 9
    }
},
{
    "pk": 28, 
    "model": "auth.permission", 
    "fields": {
        "codename": "add_gallery", 
        "name": "Can add Gallery", 
        "content_type": 10
    }
},
{
    "pk": 29, 
    "model": "auth.permission", 
    "fields": {
        "codename": "change_gallery", 
        "name": "Can change Gallery", 
        "content_type": 10
    }
},
{
    "pk": 30, 
    "model": "auth.permission", 
    "fields": {
        "codename": "delete_gallery", 
        "name": "Can delete Gallery", 
        "content_type": 10
    }
},
{
    "pk": 31, 
    "model": "auth.permission", 
    "fields": {
        "codename": "add_gallerycategory", 
        "name": "Can add Gallery Category", 
        "content_type": 11
    }
},
{
    "pk": 32, 
    "model": "auth.permission", 
    "fields": {
        "codename": "change_gallerycategory", 
        "name": "Can change Gallery Category", 
        "content_type": 11
    }
},
{
    "pk": 33, 
    "model": "auth.permission", 
    "fields": {
        "codename": "delete_gallerycategory", 
        "name": "Can delete Gallery Category", 
        "content_type": 11
    }
},
{
    "pk": 34, 
    "model": "auth.permission", 
    "fields": {
        "codename": "add_galleryimageextension", 
        "name": "Can add Gallery Image Extension", 
        "content_type": 12
    }
},
{
    "pk": 35, 
    "model": "auth.permission", 
    "fields": {
        "codename": "change_galleryimageextension", 
        "name": "Can change Gallery Image Extension", 
        "content_type": 12
    }
},
{
    "pk": 36, 
    "model": "auth.permission", 
    "fields": {
        "codename": "delete_galleryimageextension", 
        "name": "Can delete Gallery Image Extension", 
        "content_type": 12
    }
},
{
    "pk": 37, 
    "model": "auth.permission", 
    "fields": {
        "codename": "add_galleryplugin", 
        "name": "Can add gallery plugin", 
        "content_type": 13
    }
},
{
    "pk": 38, 
    "model": "auth.permission", 
    "fields": {
        "codename": "change_galleryplugin", 
        "name": "Can change gallery plugin", 
        "content_type": 13
    }
},
{
    "pk": 39, 
    "model": "auth.permission", 
    "fields": {
        "codename": "delete_galleryplugin", 
        "name": "Can delete gallery plugin", 
        "content_type": 13
    }
},
{
    "pk": 40, 
    "model": "auth.permission", 
    "fields": {
        "codename": "add_conference", 
        "name": "Can add conference", 
        "content_type": 14
    }
},
{
    "pk": 41, 
    "model": "auth.permission", 
    "fields": {
        "codename": "change_conference", 
        "name": "Can change conference", 
        "content_type": 14
    }
},
{
    "pk": 42, 
    "model": "auth.permission", 
    "fields": {
        "codename": "delete_conference", 
        "name": "Can delete conference", 
        "content_type": 14
    }
},
{
    "pk": 43, 
    "model": "auth.permission", 
    "fields": {
        "codename": "add_biddable", 
        "name": "Can add biddable item", 
        "content_type": 15
    }
},
{
    "pk": 44, 
    "model": "auth.permission", 
    "fields": {
        "codename": "change_biddable", 
        "name": "Can change biddable item", 
        "content_type": 15
    }
},
{
    "pk": 45, 
    "model": "auth.permission", 
    "fields": {
        "codename": "delete_biddable", 
        "name": "Can delete biddable item", 
        "content_type": 15
    }
},
{
    "pk": 46, 
    "model": "auth.permission", 
    "fields": {
        "codename": "add_profile", 
        "name": "Can add profile", 
        "content_type": 16
    }
},
{
    "pk": 47, 
    "model": "auth.permission", 
    "fields": {
        "codename": "change_profile", 
        "name": "Can change profile", 
        "content_type": 16
    }
},
{
    "pk": 48, 
    "model": "auth.permission", 
    "fields": {
        "codename": "delete_profile", 
        "name": "Can delete profile", 
        "content_type": 16
    }
},
{
    "pk": 49, 
    "model": "auth.permission", 
    "fields": {
        "codename": "add_performer", 
        "name": "Can add performer", 
        "content_type": 17
    }
},
{
    "pk": 50, 
    "model": "auth.permission", 
    "fields": {
        "codename": "change_performer", 
        "name": "Can change performer", 
        "content_type": 17
    }
},
{
    "pk": 51, 
    "model": "auth.permission", 
    "fields": {
        "codename": "delete_performer", 
        "name": "Can delete performer", 
        "content_type": 17
    }
},
{
    "pk": 52, 
    "model": "auth.permission", 
    "fields": {
        "codename": "add_persona", 
        "name": "Can add persona", 
        "content_type": 18
    }
},
{
    "pk": 53, 
    "model": "auth.permission", 
    "fields": {
        "codename": "change_persona", 
        "name": "Can change persona", 
        "content_type": 18
    }
},
{
    "pk": 54, 
    "model": "auth.permission", 
    "fields": {
        "codename": "delete_persona", 
        "name": "Can delete persona", 
        "content_type": 18
    }
},
{
    "pk": 55, 
    "model": "auth.permission", 
    "fields": {
        "codename": "add_troupe", 
        "name": "Can add troupe", 
        "content_type": 19
    }
},
{
    "pk": 56, 
    "model": "auth.permission", 
    "fields": {
        "codename": "change_troupe", 
        "name": "Can change troupe", 
        "content_type": 19
    }
},
{
    "pk": 57, 
    "model": "auth.permission", 
    "fields": {
        "codename": "delete_troupe", 
        "name": "Can delete troupe", 
        "content_type": 19
    }
},
{
    "pk": 58, 
    "model": "auth.permission", 
    "fields": {
        "codename": "add_combo", 
        "name": "Can add combo", 
        "content_type": 20
    }
},
{
    "pk": 59, 
    "model": "auth.permission", 
    "fields": {
        "codename": "change_combo", 
        "name": "Can change combo", 
        "content_type": 20
    }
},
{
    "pk": 60, 
    "model": "auth.permission", 
    "fields": {
        "codename": "delete_combo", 
        "name": "Can delete combo", 
        "content_type": 20
    }
},
{
    "pk": 61, 
    "model": "auth.permission", 
    "fields": {
        "codename": "add_audioinfo", 
        "name": "Can add audio info", 
        "content_type": 21
    }
},
{
    "pk": 62, 
    "model": "auth.permission", 
    "fields": {
        "codename": "change_audioinfo", 
        "name": "Can change audio info", 
        "content_type": 21
    }
},
{
    "pk": 63, 
    "model": "auth.permission", 
    "fields": {
        "codename": "delete_audioinfo", 
        "name": "Can delete audio info", 
        "content_type": 21
    }
},
{
    "pk": 64, 
    "model": "auth.permission", 
    "fields": {
        "codename": "add_lightinginfo", 
        "name": "Can add lighting info", 
        "content_type": 22
    }
},
{
    "pk": 65, 
    "model": "auth.permission", 
    "fields": {
        "codename": "change_lightinginfo", 
        "name": "Can change lighting info", 
        "content_type": 22
    }
},
{
    "pk": 66, 
    "model": "auth.permission", 
    "fields": {
        "codename": "delete_lightinginfo", 
        "name": "Can delete lighting info", 
        "content_type": 22
    }
},
{
    "pk": 67, 
    "model": "auth.permission", 
    "fields": {
        "codename": "add_stageinfo", 
        "name": "Can add stage info", 
        "content_type": 23
    }
},
{
    "pk": 68, 
    "model": "auth.permission", 
    "fields": {
        "codename": "change_stageinfo", 
        "name": "Can change stage info", 
        "content_type": 23
    }
},
{
    "pk": 69, 
    "model": "auth.permission", 
    "fields": {
        "codename": "delete_stageinfo", 
        "name": "Can delete stage info", 
        "content_type": 23
    }
},
{
    "pk": 70, 
    "model": "auth.permission", 
    "fields": {
        "codename": "add_techinfo", 
        "name": "Can add tech info", 
        "content_type": 24
    }
},
{
    "pk": 71, 
    "model": "auth.permission", 
    "fields": {
        "codename": "change_techinfo", 
        "name": "Can change tech info", 
        "content_type": 24
    }
},
{
    "pk": 72, 
    "model": "auth.permission", 
    "fields": {
        "codename": "delete_techinfo", 
        "name": "Can delete tech info", 
        "content_type": 24
    }
},
{
    "pk": 73, 
    "model": "auth.permission", 
    "fields": {
        "codename": "add_cueinfo", 
        "name": "Can add cue info", 
        "content_type": 25
    }
},
{
    "pk": 74, 
    "model": "auth.permission", 
    "fields": {
        "codename": "change_cueinfo", 
        "name": "Can change cue info", 
        "content_type": 25
    }
},
{
    "pk": 75, 
    "model": "auth.permission", 
    "fields": {
        "codename": "delete_cueinfo", 
        "name": "Can delete cue info", 
        "content_type": 25
    }
},
{
    "pk": 76, 
    "model": "auth.permission", 
    "fields": {
        "codename": "add_act", 
        "name": "Can add act", 
        "content_type": 26
    }
},
{
    "pk": 77, 
    "model": "auth.permission", 
    "fields": {
        "codename": "change_act", 
        "name": "Can change act", 
        "content_type": 26
    }
},
{
    "pk": 78, 
    "model": "auth.permission", 
    "fields": {
        "codename": "delete_act", 
        "name": "Can delete act", 
        "content_type": 26
    }
},
{
    "pk": 79, 
    "model": "auth.permission", 
    "fields": {
        "codename": "add_room", 
        "name": "Can add room", 
        "content_type": 27
    }
},
{
    "pk": 80, 
    "model": "auth.permission", 
    "fields": {
        "codename": "change_room", 
        "name": "Can change room", 
        "content_type": 27
    }
},
{
    "pk": 81, 
    "model": "auth.permission", 
    "fields": {
        "codename": "delete_room", 
        "name": "Can delete room", 
        "content_type": 27
    }
},
{
    "pk": 82, 
    "model": "auth.permission", 
    "fields": {
        "codename": "add_event", 
        "name": "Can add event", 
        "content_type": 28
    }
},
{
    "pk": 83, 
    "model": "auth.permission", 
    "fields": {
        "codename": "change_event", 
        "name": "Can change event", 
        "content_type": 28
    }
},
{
    "pk": 84, 
    "model": "auth.permission", 
    "fields": {
        "codename": "delete_event", 
        "name": "Can delete event", 
        "content_type": 28
    }
},
{
    "pk": 85, 
    "model": "auth.permission", 
    "fields": {
        "codename": "add_show", 
        "name": "Can add show", 
        "content_type": 29
    }
},
{
    "pk": 86, 
    "model": "auth.permission", 
    "fields": {
        "codename": "change_show", 
        "name": "Can change show", 
        "content_type": 29
    }
},
{
    "pk": 87, 
    "model": "auth.permission", 
    "fields": {
        "codename": "delete_show", 
        "name": "Can delete show", 
        "content_type": 29
    }
},
{
    "pk": 88, 
    "model": "auth.permission", 
    "fields": {
        "codename": "add_genericevent", 
        "name": "Can add generic event", 
        "content_type": 30
    }
},
{
    "pk": 89, 
    "model": "auth.permission", 
    "fields": {
        "codename": "change_genericevent", 
        "name": "Can change generic event", 
        "content_type": 30
    }
},
{
    "pk": 90, 
    "model": "auth.permission", 
    "fields": {
        "codename": "delete_genericevent", 
        "name": "Can delete generic event", 
        "content_type": 30
    }
},
{
    "pk": 91, 
    "model": "auth.permission", 
    "fields": {
        "codename": "add_class", 
        "name": "Can add class", 
        "content_type": 31
    }
},
{
    "pk": 92, 
    "model": "auth.permission", 
    "fields": {
        "codename": "change_class", 
        "name": "Can change class", 
        "content_type": 31
    }
},
{
    "pk": 93, 
    "model": "auth.permission", 
    "fields": {
        "codename": "delete_class", 
        "name": "Can delete class", 
        "content_type": 31
    }
},
{
    "pk": 94, 
    "model": "auth.permission", 
    "fields": {
        "codename": "add_bidevaluation", 
        "name": "Can add bid evaluation", 
        "content_type": 32
    }
},
{
    "pk": 95, 
    "model": "auth.permission", 
    "fields": {
        "codename": "change_bidevaluation", 
        "name": "Can change bid evaluation", 
        "content_type": 32
    }
},
{
    "pk": 96, 
    "model": "auth.permission", 
    "fields": {
        "codename": "delete_bidevaluation", 
        "name": "Can delete bid evaluation", 
        "content_type": 32
    }
},
{
    "pk": 97, 
    "model": "auth.permission", 
    "fields": {
        "codename": "add_performerfestivals", 
        "name": "Can add performer festivals", 
        "content_type": 33
    }
},
{
    "pk": 98, 
    "model": "auth.permission", 
    "fields": {
        "codename": "change_performerfestivals", 
        "name": "Can change performer festivals", 
        "content_type": 33
    }
},
{
    "pk": 99, 
    "model": "auth.permission", 
    "fields": {
        "codename": "delete_performerfestivals", 
        "name": "Can delete performer festivals", 
        "content_type": 33
    }
},
{
    "pk": 100, 
    "model": "auth.permission", 
    "fields": {
        "codename": "add_volunteer", 
        "name": "Can add volunteer", 
        "content_type": 34
    }
},
{
    "pk": 101, 
    "model": "auth.permission", 
    "fields": {
        "codename": "change_volunteer", 
        "name": "Can change volunteer", 
        "content_type": 34
    }
},
{
    "pk": 102, 
    "model": "auth.permission", 
    "fields": {
        "codename": "delete_volunteer", 
        "name": "Can delete volunteer", 
        "content_type": 34
    }
},
{
    "pk": 103, 
    "model": "auth.permission", 
    "fields": {
        "codename": "add_vendor", 
        "name": "Can add vendor", 
        "content_type": 35
    }
},
{
    "pk": 104, 
    "model": "auth.permission", 
    "fields": {
        "codename": "change_vendor", 
        "name": "Can change vendor", 
        "content_type": 35
    }
},
{
    "pk": 105, 
    "model": "auth.permission", 
    "fields": {
        "codename": "delete_vendor", 
        "name": "Can delete vendor", 
        "content_type": 35
    }
},
{
    "pk": 106, 
    "model": "auth.permission", 
    "fields": {
        "codename": "add_adbid", 
        "name": "Can add ad bid", 
        "content_type": 36
    }
},
{
    "pk": 107, 
    "model": "auth.permission", 
    "fields": {
        "codename": "change_adbid", 
        "name": "Can change ad bid", 
        "content_type": 36
    }
},
{
    "pk": 108, 
    "model": "auth.permission", 
    "fields": {
        "codename": "delete_adbid", 
        "name": "Can delete ad bid", 
        "content_type": 36
    }
},
{
    "pk": 109, 
    "model": "auth.permission", 
    "fields": {
        "codename": "add_artbid", 
        "name": "Can add art bid", 
        "content_type": 37
    }
},
{
    "pk": 110, 
    "model": "auth.permission", 
    "fields": {
        "codename": "change_artbid", 
        "name": "Can change art bid", 
        "content_type": 37
    }
},
{
    "pk": 111, 
    "model": "auth.permission", 
    "fields": {
        "codename": "delete_artbid", 
        "name": "Can delete art bid", 
        "content_type": 37
    }
},
{
    "pk": 112, 
    "model": "auth.permission", 
    "fields": {
        "codename": "add_classproposal", 
        "name": "Can add class proposal", 
        "content_type": 38
    }
},
{
    "pk": 113, 
    "model": "auth.permission", 
    "fields": {
        "codename": "change_classproposal", 
        "name": "Can change class proposal", 
        "content_type": 38
    }
},
{
    "pk": 114, 
    "model": "auth.permission", 
    "fields": {
        "codename": "delete_classproposal", 
        "name": "Can delete class proposal", 
        "content_type": 38
    }
},
{
    "pk": 115, 
    "model": "auth.permission", 
    "fields": {
        "codename": "add_conferencevolunteer", 
        "name": "Can add conference volunteer", 
        "content_type": 39
    }
},
{
    "pk": 116, 
    "model": "auth.permission", 
    "fields": {
        "codename": "change_conferencevolunteer", 
        "name": "Can change conference volunteer", 
        "content_type": 39
    }
},
{
    "pk": 117, 
    "model": "auth.permission", 
    "fields": {
        "codename": "delete_conferencevolunteer", 
        "name": "Can delete conference volunteer", 
        "content_type": 39
    }
},
{
    "pk": 118, 
    "model": "auth.permission", 
    "fields": {
        "codename": "add_profilepreferences", 
        "name": "Can add profile preferences", 
        "content_type": 40
    }
},
{
    "pk": 119, 
    "model": "auth.permission", 
    "fields": {
        "codename": "change_profilepreferences", 
        "name": "Can change profile preferences", 
        "content_type": 40
    }
},
{
    "pk": 120, 
    "model": "auth.permission", 
    "fields": {
        "codename": "delete_profilepreferences", 
        "name": "Can delete profile preferences", 
        "content_type": 40
    }
},
{
    "pk": 121, 
    "model": "auth.permission", 
    "fields": {
        "codename": "add_brownpapersettings", 
        "name": "Can add brown paper settings", 
        "content_type": 41
    }
},
{
    "pk": 122, 
    "model": "auth.permission", 
    "fields": {
        "codename": "change_brownpapersettings", 
        "name": "Can change brown paper settings", 
        "content_type": 41
    }
},
{
    "pk": 123, 
    "model": "auth.permission", 
    "fields": {
        "codename": "delete_brownpapersettings", 
        "name": "Can delete brown paper settings", 
        "content_type": 41
    }
},
{
    "pk": 124, 
    "model": "auth.permission", 
    "fields": {
        "codename": "add_brownpaperevents", 
        "name": "Can add brown paper events", 
        "content_type": 42
    }
},
{
    "pk": 125, 
    "model": "auth.permission", 
    "fields": {
        "codename": "change_brownpaperevents", 
        "name": "Can change brown paper events", 
        "content_type": 42
    }
},
{
    "pk": 126, 
    "model": "auth.permission", 
    "fields": {
        "codename": "delete_brownpaperevents", 
        "name": "Can delete brown paper events", 
        "content_type": 42
    }
},
{
    "pk": 127, 
    "model": "auth.permission", 
    "fields": {
        "codename": "add_ticketitem", 
        "name": "Can add ticket item", 
        "content_type": 43
    }
},
{
    "pk": 128, 
    "model": "auth.permission", 
    "fields": {
        "codename": "change_ticketitem", 
        "name": "Can change ticket item", 
        "content_type": 43
    }
},
{
    "pk": 129, 
    "model": "auth.permission", 
    "fields": {
        "codename": "delete_ticketitem", 
        "name": "Can delete ticket item", 
        "content_type": 43
    }
},
{
    "pk": 130, 
    "model": "auth.permission", 
    "fields": {
        "codename": "add_purchaser", 
        "name": "Can add purchaser", 
        "content_type": 44
    }
},
{
    "pk": 131, 
    "model": "auth.permission", 
    "fields": {
        "codename": "change_purchaser", 
        "name": "Can change purchaser", 
        "content_type": 44
    }
},
{
    "pk": 132, 
    "model": "auth.permission", 
    "fields": {
        "codename": "delete_purchaser", 
        "name": "Can delete purchaser", 
        "content_type": 44
    }
},
{
    "pk": 133, 
    "model": "auth.permission", 
    "fields": {
        "codename": "add_transaction", 
        "name": "Can add transaction", 
        "content_type": 45
    }
},
{
    "pk": 134, 
    "model": "auth.permission", 
    "fields": {
        "codename": "change_transaction", 
        "name": "Can change transaction", 
        "content_type": 45
    }
},
{
    "pk": 135, 
    "model": "auth.permission", 
    "fields": {
        "codename": "delete_transaction", 
        "name": "Can delete transaction", 
        "content_type": 45
    }
},
{
    "pk": 136, 
    "model": "auth.permission", 
    "fields": {
        "codename": "add_schedulable", 
        "name": "Can add schedulable", 
        "content_type": 46
    }
},
{
    "pk": 137, 
    "model": "auth.permission", 
    "fields": {
        "codename": "change_schedulable", 
        "name": "Can change schedulable", 
        "content_type": 46
    }
},
{
    "pk": 138, 
    "model": "auth.permission", 
    "fields": {
        "codename": "delete_schedulable", 
        "name": "Can delete schedulable", 
        "content_type": 46
    }
},
{
    "pk": 139, 
    "model": "auth.permission", 
    "fields": {
        "codename": "add_resourceitem", 
        "name": "Can add resource item", 
        "content_type": 47
    }
},
{
    "pk": 140, 
    "model": "auth.permission", 
    "fields": {
        "codename": "change_resourceitem", 
        "name": "Can change resource item", 
        "content_type": 47
    }
},
{
    "pk": 141, 
    "model": "auth.permission", 
    "fields": {
        "codename": "delete_resourceitem", 
        "name": "Can delete resource item", 
        "content_type": 47
    }
},
{
    "pk": 142, 
    "model": "auth.permission", 
    "fields": {
        "codename": "add_resource", 
        "name": "Can add resource", 
        "content_type": 48
    }
},
{
    "pk": 143, 
    "model": "auth.permission", 
    "fields": {
        "codename": "change_resource", 
        "name": "Can change resource", 
        "content_type": 48
    }
},
{
    "pk": 144, 
    "model": "auth.permission", 
    "fields": {
        "codename": "delete_resource", 
        "name": "Can delete resource", 
        "content_type": 48
    }
},
{
    "pk": 145, 
    "model": "auth.permission", 
    "fields": {
        "codename": "add_actitem", 
        "name": "Can add act item", 
        "content_type": 49
    }
},
{
    "pk": 146, 
    "model": "auth.permission", 
    "fields": {
        "codename": "change_actitem", 
        "name": "Can change act item", 
        "content_type": 49
    }
},
{
    "pk": 147, 
    "model": "auth.permission", 
    "fields": {
        "codename": "delete_actitem", 
        "name": "Can delete act item", 
        "content_type": 49
    }
},
{
    "pk": 148, 
    "model": "auth.permission", 
    "fields": {
        "codename": "add_actresource", 
        "name": "Can add act resource", 
        "content_type": 50
    }
},
{
    "pk": 149, 
    "model": "auth.permission", 
    "fields": {
        "codename": "change_actresource", 
        "name": "Can change act resource", 
        "content_type": 50
    }
},
{
    "pk": 150, 
    "model": "auth.permission", 
    "fields": {
        "codename": "delete_actresource", 
        "name": "Can delete act resource", 
        "content_type": 50
    }
},
{
    "pk": 151, 
    "model": "auth.permission", 
    "fields": {
        "codename": "add_locationitem", 
        "name": "Can add location item", 
        "content_type": 51
    }
},
{
    "pk": 152, 
    "model": "auth.permission", 
    "fields": {
        "codename": "change_locationitem", 
        "name": "Can change location item", 
        "content_type": 51
    }
},
{
    "pk": 153, 
    "model": "auth.permission", 
    "fields": {
        "codename": "delete_locationitem", 
        "name": "Can delete location item", 
        "content_type": 51
    }
},
{
    "pk": 154, 
    "model": "auth.permission", 
    "fields": {
        "codename": "add_location", 
        "name": "Can add location", 
        "content_type": 52
    }
},
{
    "pk": 155, 
    "model": "auth.permission", 
    "fields": {
        "codename": "change_location", 
        "name": "Can change location", 
        "content_type": 52
    }
},
{
    "pk": 156, 
    "model": "auth.permission", 
    "fields": {
        "codename": "delete_location", 
        "name": "Can delete location", 
        "content_type": 52
    }
},
{
    "pk": 157, 
    "model": "auth.permission", 
    "fields": {
        "codename": "add_workeritem", 
        "name": "Can add worker item", 
        "content_type": 53
    }
},
{
    "pk": 158, 
    "model": "auth.permission", 
    "fields": {
        "codename": "change_workeritem", 
        "name": "Can change worker item", 
        "content_type": 53
    }
},
{
    "pk": 159, 
    "model": "auth.permission", 
    "fields": {
        "codename": "delete_workeritem", 
        "name": "Can delete worker item", 
        "content_type": 53
    }
},
{
    "pk": 160, 
    "model": "auth.permission", 
    "fields": {
        "codename": "add_worker", 
        "name": "Can add worker", 
        "content_type": 54
    }
},
{
    "pk": 161, 
    "model": "auth.permission", 
    "fields": {
        "codename": "change_worker", 
        "name": "Can change worker", 
        "content_type": 54
    }
},
{
    "pk": 162, 
    "model": "auth.permission", 
    "fields": {
        "codename": "delete_worker", 
        "name": "Can delete worker", 
        "content_type": 54
    }
},
{
    "pk": 163, 
    "model": "auth.permission", 
    "fields": {
        "codename": "add_equipmentitem", 
        "name": "Can add equipment item", 
        "content_type": 55
    }
},
{
    "pk": 164, 
    "model": "auth.permission", 
    "fields": {
        "codename": "change_equipmentitem", 
        "name": "Can change equipment item", 
        "content_type": 55
    }
},
{
    "pk": 165, 
    "model": "auth.permission", 
    "fields": {
        "codename": "delete_equipmentitem", 
        "name": "Can delete equipment item", 
        "content_type": 55
    }
},
{
    "pk": 166, 
    "model": "auth.permission", 
    "fields": {
        "codename": "add_equipment", 
        "name": "Can add equipment", 
        "content_type": 56
    }
},
{
    "pk": 167, 
    "model": "auth.permission", 
    "fields": {
        "codename": "change_equipment", 
        "name": "Can change equipment", 
        "content_type": 56
    }
},
{
    "pk": 168, 
    "model": "auth.permission", 
    "fields": {
        "codename": "delete_equipment", 
        "name": "Can delete equipment", 
        "content_type": 56
    }
},
{
    "pk": 169, 
    "model": "auth.permission", 
    "fields": {
        "codename": "add_eventitem", 
        "name": "Can add event item", 
        "content_type": 57
    }
},
{
    "pk": 170, 
    "model": "auth.permission", 
    "fields": {
        "codename": "change_eventitem", 
        "name": "Can change event item", 
        "content_type": 57
    }
},
{
    "pk": 171, 
    "model": "auth.permission", 
    "fields": {
        "codename": "delete_eventitem", 
        "name": "Can delete event item", 
        "content_type": 57
    }
},
{
    "pk": 172, 
    "model": "auth.permission", 
    "fields": {
        "codename": "add_event", 
        "name": "Can add event", 
        "content_type": 58
    }
},
{
    "pk": 173, 
    "model": "auth.permission", 
    "fields": {
        "codename": "change_event", 
        "name": "Can change event", 
        "content_type": 58
    }
},
{
    "pk": 174, 
    "model": "auth.permission", 
    "fields": {
        "codename": "delete_event", 
        "name": "Can delete event", 
        "content_type": 58
    }
},
{
    "pk": 175, 
    "model": "auth.permission", 
    "fields": {
        "codename": "add_resourceallocation", 
        "name": "Can add resource allocation", 
        "content_type": 59
    }
},
{
    "pk": 176, 
    "model": "auth.permission", 
    "fields": {
        "codename": "change_resourceallocation", 
        "name": "Can change resource allocation", 
        "content_type": 59
    }
},
{
    "pk": 177, 
    "model": "auth.permission", 
    "fields": {
        "codename": "delete_resourceallocation", 
        "name": "Can delete resource allocation", 
        "content_type": 59
    }
},
{
    "pk": 178, 
    "model": "auth.permission", 
    "fields": {
        "codename": "add_ordering", 
        "name": "Can add ordering", 
        "content_type": 60
    }
},
{
    "pk": 179, 
    "model": "auth.permission", 
    "fields": {
        "codename": "change_ordering", 
        "name": "Can change ordering", 
        "content_type": 60
    }
},
{
    "pk": 180, 
    "model": "auth.permission", 
    "fields": {
        "codename": "delete_ordering", 
        "name": "Can delete ordering", 
        "content_type": 60
    }
},
{
    "pk": 181, 
    "model": "auth.permission", 
    "fields": {
        "codename": "add_label", 
        "name": "Can add label", 
        "content_type": 61
    }
},
{
    "pk": 182, 
    "model": "auth.permission", 
    "fields": {
        "codename": "change_label", 
        "name": "Can change label", 
        "content_type": 61
    }
},
{
    "pk": 183, 
    "model": "auth.permission", 
    "fields": {
        "codename": "delete_label", 
        "name": "Can delete label", 
        "content_type": 61
    }
},
{
    "pk": 184, 
    "model": "auth.permission", 
    "fields": {
        "codename": "add_eventcontainer", 
        "name": "Can add event container", 
        "content_type": 62
    }
},
{
    "pk": 185, 
    "model": "auth.permission", 
    "fields": {
        "codename": "change_eventcontainer", 
        "name": "Can change event container", 
        "content_type": 62
    }
},
{
    "pk": 186, 
    "model": "auth.permission", 
    "fields": {
        "codename": "delete_eventcontainer", 
        "name": "Can delete event container", 
        "content_type": 62
    }
},
{
    "pk": 187, 
    "model": "auth.permission", 
    "fields": {
        "codename": "add_usersettings", 
        "name": "Can add user setting", 
        "content_type": 63
    }
},
{
    "pk": 188, 
    "model": "auth.permission", 
    "fields": {
        "codename": "change_usersettings", 
        "name": "Can change user setting", 
        "content_type": 63
    }
},
{
    "pk": 189, 
    "model": "auth.permission", 
    "fields": {
        "codename": "delete_usersettings", 
        "name": "Can delete user setting", 
        "content_type": 63
    }
},
{
    "pk": 190, 
    "model": "auth.permission", 
    "fields": {
        "codename": "add_placeholder", 
        "name": "Can add placeholder", 
        "content_type": 64
    }
},
{
    "pk": 191, 
    "model": "auth.permission", 
    "fields": {
        "codename": "change_placeholder", 
        "name": "Can change placeholder", 
        "content_type": 64
    }
},
{
    "pk": 192, 
    "model": "auth.permission", 
    "fields": {
        "codename": "delete_placeholder", 
        "name": "Can delete placeholder", 
        "content_type": 64
    }
},
{
    "pk": 193, 
    "model": "auth.permission", 
    "fields": {
        "codename": "add_cmsplugin", 
        "name": "Can add cms plugin", 
        "content_type": 65
    }
},
{
    "pk": 194, 
    "model": "auth.permission", 
    "fields": {
        "codename": "change_cmsplugin", 
        "name": "Can change cms plugin", 
        "content_type": 65
    }
},
{
    "pk": 195, 
    "model": "auth.permission", 
    "fields": {
        "codename": "delete_cmsplugin", 
        "name": "Can delete cms plugin", 
        "content_type": 65
    }
},
{
    "pk": 196, 
    "model": "auth.permission", 
    "fields": {
        "codename": "add_page", 
        "name": "Can add page", 
        "content_type": 66
    }
},
{
    "pk": 197, 
    "model": "auth.permission", 
    "fields": {
        "codename": "change_page", 
        "name": "Can change page", 
        "content_type": 66
    }
},
{
    "pk": 198, 
    "model": "auth.permission", 
    "fields": {
        "codename": "delete_page", 
        "name": "Can delete page", 
        "content_type": 66
    }
},
{
    "pk": 199, 
    "model": "auth.permission", 
    "fields": {
        "codename": "view_page", 
        "name": "Can view page", 
        "content_type": 66
    }
},
{
    "pk": 200, 
    "model": "auth.permission", 
    "fields": {
        "codename": "publish_page", 
        "name": "Can publish page", 
        "content_type": 66
    }
},
{
    "pk": 201, 
    "model": "auth.permission", 
    "fields": {
        "codename": "edit_static_placeholder", 
        "name": "Can edit static placeholders", 
        "content_type": 66
    }
},
{
    "pk": 202, 
    "model": "auth.permission", 
    "fields": {
        "codename": "add_globalpagepermission", 
        "name": "Can add Page global permission", 
        "content_type": 67
    }
},
{
    "pk": 203, 
    "model": "auth.permission", 
    "fields": {
        "codename": "change_globalpagepermission", 
        "name": "Can change Page global permission", 
        "content_type": 67
    }
},
{
    "pk": 204, 
    "model": "auth.permission", 
    "fields": {
        "codename": "delete_globalpagepermission", 
        "name": "Can delete Page global permission", 
        "content_type": 67
    }
},
{
    "pk": 205, 
    "model": "auth.permission", 
    "fields": {
        "codename": "add_pagepermission", 
        "name": "Can add Page permission", 
        "content_type": 68
    }
},
{
    "pk": 206, 
    "model": "auth.permission", 
    "fields": {
        "codename": "change_pagepermission", 
        "name": "Can change Page permission", 
        "content_type": 68
    }
},
{
    "pk": 207, 
    "model": "auth.permission", 
    "fields": {
        "codename": "delete_pagepermission", 
        "name": "Can delete Page permission", 
        "content_type": 68
    }
},
{
    "pk": 208, 
    "model": "auth.permission", 
    "fields": {
        "codename": "add_pageuser", 
        "name": "Can add User (page)", 
        "content_type": 69
    }
},
{
    "pk": 209, 
    "model": "auth.permission", 
    "fields": {
        "codename": "change_pageuser", 
        "name": "Can change User (page)", 
        "content_type": 69
    }
},
{
    "pk": 210, 
    "model": "auth.permission", 
    "fields": {
        "codename": "delete_pageuser", 
        "name": "Can delete User (page)", 
        "content_type": 69
    }
},
{
    "pk": 211, 
    "model": "auth.permission", 
    "fields": {
        "codename": "add_pageusergroup", 
        "name": "Can add User group (page)", 
        "content_type": 70
    }
},
{
    "pk": 212, 
    "model": "auth.permission", 
    "fields": {
        "codename": "change_pageusergroup", 
        "name": "Can change User group (page)", 
        "content_type": 70
    }
},
{
    "pk": 213, 
    "model": "auth.permission", 
    "fields": {
        "codename": "delete_pageusergroup", 
        "name": "Can delete User group (page)", 
        "content_type": 70
    }
},
{
    "pk": 214, 
    "model": "auth.permission", 
    "fields": {
        "codename": "add_title", 
        "name": "Can add title", 
        "content_type": 71
    }
},
{
    "pk": 215, 
    "model": "auth.permission", 
    "fields": {
        "codename": "change_title", 
        "name": "Can change title", 
        "content_type": 71
    }
},
{
    "pk": 216, 
    "model": "auth.permission", 
    "fields": {
        "codename": "delete_title", 
        "name": "Can delete title", 
        "content_type": 71
    }
},
{
    "pk": 217, 
    "model": "auth.permission", 
    "fields": {
        "codename": "add_placeholderreference", 
        "name": "Can add placeholder reference", 
        "content_type": 72
    }
},
{
    "pk": 218, 
    "model": "auth.permission", 
    "fields": {
        "codename": "change_placeholderreference", 
        "name": "Can change placeholder reference", 
        "content_type": 72
    }
},
{
    "pk": 219, 
    "model": "auth.permission", 
    "fields": {
        "codename": "delete_placeholderreference", 
        "name": "Can delete placeholder reference", 
        "content_type": 72
    }
},
{
    "pk": 220, 
    "model": "auth.permission", 
    "fields": {
        "codename": "add_staticplaceholder", 
        "name": "Can add static placeholder", 
        "content_type": 73
    }
},
{
    "pk": 221, 
    "model": "auth.permission", 
    "fields": {
        "codename": "change_staticplaceholder", 
        "name": "Can change static placeholder", 
        "content_type": 73
    }
},
{
    "pk": 222, 
    "model": "auth.permission", 
    "fields": {
        "codename": "delete_staticplaceholder", 
        "name": "Can delete static placeholder", 
        "content_type": 73
    }
},
{
    "pk": 223, 
    "model": "auth.permission", 
    "fields": {
        "codename": "add_aliaspluginmodel", 
        "name": "Can add alias plugin model", 
        "content_type": 74
    }
},
{
    "pk": 224, 
    "model": "auth.permission", 
    "fields": {
        "codename": "change_aliaspluginmodel", 
        "name": "Can change alias plugin model", 
        "content_type": 74
    }
},
{
    "pk": 225, 
    "model": "auth.permission", 
    "fields": {
        "codename": "delete_aliaspluginmodel", 
        "name": "Can delete alias plugin model", 
        "content_type": 74
    }
},
{
    "pk": 226, 
    "model": "auth.permission", 
    "fields": {
        "codename": "add_cachekey", 
        "name": "Can add cache key", 
        "content_type": 75
    }
},
{
    "pk": 227, 
    "model": "auth.permission", 
    "fields": {
        "codename": "change_cachekey", 
        "name": "Can change cache key", 
        "content_type": 75
    }
},
{
    "pk": 228, 
    "model": "auth.permission", 
    "fields": {
        "codename": "delete_cachekey", 
        "name": "Can delete cache key", 
        "content_type": 75
    }
},
{
    "pk": 229, 
    "model": "auth.permission", 
    "fields": {
        "codename": "add_text", 
        "name": "Can add text", 
        "content_type": 76
    }
},
{
    "pk": 230, 
    "model": "auth.permission", 
    "fields": {
        "codename": "change_text", 
        "name": "Can change text", 
        "content_type": 76
    }
},
{
    "pk": 231, 
    "model": "auth.permission", 
    "fields": {
        "codename": "delete_text", 
        "name": "Can delete text", 
        "content_type": 76
    }
},
{
    "pk": 232, 
    "model": "auth.permission", 
    "fields": {
        "codename": "add_folder", 
        "name": "Can add Folder", 
        "content_type": 77
    }
},
{
    "pk": 233, 
    "model": "auth.permission", 
    "fields": {
        "codename": "change_folder", 
        "name": "Can change Folder", 
        "content_type": 77
    }
},
{
    "pk": 234, 
    "model": "auth.permission", 
    "fields": {
        "codename": "delete_folder", 
        "name": "Can delete Folder", 
        "content_type": 77
    }
},
{
    "pk": 235, 
    "model": "auth.permission", 
    "fields": {
        "codename": "can_use_directory_listing", 
        "name": "Can use directory listing", 
        "content_type": 77
    }
},
{
    "pk": 236, 
    "model": "auth.permission", 
    "fields": {
        "codename": "add_folderpermission", 
        "name": "Can add folder permission", 
        "content_type": 78
    }
},
{
    "pk": 237, 
    "model": "auth.permission", 
    "fields": {
        "codename": "change_folderpermission", 
        "name": "Can change folder permission", 
        "content_type": 78
    }
},
{
    "pk": 238, 
    "model": "auth.permission", 
    "fields": {
        "codename": "delete_folderpermission", 
        "name": "Can delete folder permission", 
        "content_type": 78
    }
},
{
    "pk": 239, 
    "model": "auth.permission", 
    "fields": {
        "codename": "add_file", 
        "name": "Can add file", 
        "content_type": 79
    }
},
{
    "pk": 240, 
    "model": "auth.permission", 
    "fields": {
        "codename": "change_file", 
        "name": "Can change file", 
        "content_type": 79
    }
},
{
    "pk": 241, 
    "model": "auth.permission", 
    "fields": {
        "codename": "delete_file", 
        "name": "Can delete file", 
        "content_type": 79
    }
},
{
    "pk": 242, 
    "model": "auth.permission", 
    "fields": {
        "codename": "add_clipboard", 
        "name": "Can add clipboard", 
        "content_type": 80
    }
},
{
    "pk": 243, 
    "model": "auth.permission", 
    "fields": {
        "codename": "change_clipboard", 
        "name": "Can change clipboard", 
        "content_type": 80
    }
},
{
    "pk": 244, 
    "model": "auth.permission", 
    "fields": {
        "codename": "delete_clipboard", 
        "name": "Can delete clipboard", 
        "content_type": 80
    }
},
{
    "pk": 245, 
    "model": "auth.permission", 
    "fields": {
        "codename": "add_clipboarditem", 
        "name": "Can add clipboard item", 
        "content_type": 81
    }
},
{
    "pk": 246, 
    "model": "auth.permission", 
    "fields": {
        "codename": "change_clipboarditem", 
        "name": "Can change clipboard item", 
        "content_type": 81
    }
},
{
    "pk": 247, 
    "model": "auth.permission", 
    "fields": {
        "codename": "delete_clipboarditem", 
        "name": "Can delete clipboard item", 
        "content_type": 81
    }
},
{
    "pk": 248, 
    "model": "auth.permission", 
    "fields": {
        "codename": "add_image", 
        "name": "Can add image", 
        "content_type": 82
    }
},
{
    "pk": 249, 
    "model": "auth.permission", 
    "fields": {
        "codename": "change_image", 
        "name": "Can change image", 
        "content_type": 82
    }
},
{
    "pk": 250, 
    "model": "auth.permission", 
    "fields": {
        "codename": "delete_image", 
        "name": "Can delete image", 
        "content_type": 82
    }
},
{
    "pk": 251, 
    "model": "auth.permission", 
    "fields": {
        "codename": "add_source", 
        "name": "Can add source", 
        "content_type": 83
    }
},
{
    "pk": 252, 
    "model": "auth.permission", 
    "fields": {
        "codename": "change_source", 
        "name": "Can change source", 
        "content_type": 83
    }
},
{
    "pk": 253, 
    "model": "auth.permission", 
    "fields": {
        "codename": "delete_source", 
        "name": "Can delete source", 
        "content_type": 83
    }
},
{
    "pk": 254, 
    "model": "auth.permission", 
    "fields": {
        "codename": "add_thumbnail", 
        "name": "Can add thumbnail", 
        "content_type": 84
    }
},
{
    "pk": 255, 
    "model": "auth.permission", 
    "fields": {
        "codename": "change_thumbnail", 
        "name": "Can change thumbnail", 
        "content_type": 84
    }
},
{
    "pk": 256, 
    "model": "auth.permission", 
    "fields": {
        "codename": "delete_thumbnail", 
        "name": "Can delete thumbnail", 
        "content_type": 84
    }
},
{
    "pk": 257, 
    "model": "auth.permission", 
    "fields": {
        "codename": "add_thumbnaildimensions", 
        "name": "Can add thumbnail dimensions", 
        "content_type": 85
    }
},
{
    "pk": 258, 
    "model": "auth.permission", 
    "fields": {
        "codename": "change_thumbnaildimensions", 
        "name": "Can change thumbnail dimensions", 
        "content_type": 85
    }
},
{
    "pk": 259, 
    "model": "auth.permission", 
    "fields": {
        "codename": "delete_thumbnaildimensions", 
        "name": "Can delete thumbnail dimensions", 
        "content_type": 85
    }
},
{
    "pk": 260, 
    "model": "auth.permission", 
    "fields": {
        "codename": "add_sliderplugin", 
        "name": "Can add slider plugin", 
        "content_type": 86
    }
},
{
    "pk": 261, 
    "model": "auth.permission", 
    "fields": {
        "codename": "change_sliderplugin", 
        "name": "Can change slider plugin", 
        "content_type": 86
    }
},
{
    "pk": 262, 
    "model": "auth.permission", 
    "fields": {
        "codename": "delete_sliderplugin", 
        "name": "Can delete slider plugin", 
        "content_type": 86
    }
},
{
    "pk": 263, 
    "model": "auth.permission", 
    "fields": {
        "codename": "add_style", 
        "name": "Can add style", 
        "content_type": 87
    }
},
{
    "pk": 264, 
    "model": "auth.permission", 
    "fields": {
        "codename": "change_style", 
        "name": "Can change style", 
        "content_type": 87
    }
},
{
    "pk": 265, 
    "model": "auth.permission", 
    "fields": {
        "codename": "delete_style", 
        "name": "Can delete style", 
        "content_type": 87
    }
},
{
    "pk": 266, 
    "model": "auth.permission", 
    "fields": {
        "codename": "add_multicolumns", 
        "name": "Can add multi columns", 
        "content_type": 88
    }
},
{
    "pk": 267, 
    "model": "auth.permission", 
    "fields": {
        "codename": "change_multicolumns", 
        "name": "Can change multi columns", 
        "content_type": 88
    }
},
{
    "pk": 268, 
    "model": "auth.permission", 
    "fields": {
        "codename": "delete_multicolumns", 
        "name": "Can delete multi columns", 
        "content_type": 88
    }
},
{
    "pk": 269, 
    "model": "auth.permission", 
    "fields": {
        "codename": "add_column", 
        "name": "Can add column", 
        "content_type": 89
    }
},
{
    "pk": 270, 
    "model": "auth.permission", 
    "fields": {
        "codename": "change_column", 
        "name": "Can change column", 
        "content_type": 89
    }
},
{
    "pk": 271, 
    "model": "auth.permission", 
    "fields": {
        "codename": "delete_column", 
        "name": "Can delete column", 
        "content_type": 89
    }
},
{
    "pk": 272, 
    "model": "auth.permission", 
    "fields": {
        "codename": "add_snippet", 
        "name": "Can add Snippet", 
        "content_type": 90
    }
},
{
    "pk": 273, 
    "model": "auth.permission", 
    "fields": {
        "codename": "change_snippet", 
        "name": "Can change Snippet", 
        "content_type": 90
    }
},
{
    "pk": 274, 
    "model": "auth.permission", 
    "fields": {
        "codename": "delete_snippet", 
        "name": "Can delete Snippet", 
        "content_type": 90
    }
},
{
    "pk": 275, 
    "model": "auth.permission", 
    "fields": {
        "codename": "add_snippetptr", 
        "name": "Can add Snippet", 
        "content_type": 91
    }
},
{
    "pk": 276, 
    "model": "auth.permission", 
    "fields": {
        "codename": "change_snippetptr", 
        "name": "Can change Snippet", 
        "content_type": 91
    }
},
{
    "pk": 277, 
    "model": "auth.permission", 
    "fields": {
        "codename": "delete_snippetptr", 
        "name": "Can delete Snippet", 
        "content_type": 91
    }
},
{
    "pk": 278, 
    "model": "auth.permission", 
    "fields": {
        "codename": "add_flash", 
        "name": "Can add flash", 
        "content_type": 92
    }
},
{
    "pk": 279, 
    "model": "auth.permission", 
    "fields": {
        "codename": "change_flash", 
        "name": "Can change flash", 
        "content_type": 92
    }
},
{
    "pk": 280, 
    "model": "auth.permission", 
    "fields": {
        "codename": "delete_flash", 
        "name": "Can delete flash", 
        "content_type": 92
    }
},
{
    "pk": 281, 
    "model": "auth.permission", 
    "fields": {
        "codename": "add_googlemap", 
        "name": "Can add google map", 
        "content_type": 93
    }
},
{
    "pk": 282, 
    "model": "auth.permission", 
    "fields": {
        "codename": "change_googlemap", 
        "name": "Can change google map", 
        "content_type": 93
    }
},
{
    "pk": 283, 
    "model": "auth.permission", 
    "fields": {
        "codename": "delete_googlemap", 
        "name": "Can delete google map", 
        "content_type": 93
    }
},
{
    "pk": 284, 
    "model": "auth.permission", 
    "fields": {
        "codename": "add_inheritpageplaceholder", 
        "name": "Can add inherit page placeholder", 
        "content_type": 94
    }
},
{
    "pk": 285, 
    "model": "auth.permission", 
    "fields": {
        "codename": "change_inheritpageplaceholder", 
        "name": "Can change inherit page placeholder", 
        "content_type": 94
    }
},
{
    "pk": 286, 
    "model": "auth.permission", 
    "fields": {
        "codename": "delete_inheritpageplaceholder", 
        "name": "Can delete inherit page placeholder", 
        "content_type": 94
    }
},
{
    "pk": 287, 
    "model": "auth.permission", 
    "fields": {
        "codename": "add_filerfile", 
        "name": "Can add filer file", 
        "content_type": 95
    }
},
{
    "pk": 288, 
    "model": "auth.permission", 
    "fields": {
        "codename": "change_filerfile", 
        "name": "Can change filer file", 
        "content_type": 95
    }
},
{
    "pk": 289, 
    "model": "auth.permission", 
    "fields": {
        "codename": "delete_filerfile", 
        "name": "Can delete filer file", 
        "content_type": 95
    }
},
{
    "pk": 290, 
    "model": "auth.permission", 
    "fields": {
        "codename": "add_filerfolder", 
        "name": "Can add filer folder", 
        "content_type": 96
    }
},
{
    "pk": 291, 
    "model": "auth.permission", 
    "fields": {
        "codename": "change_filerfolder", 
        "name": "Can change filer folder", 
        "content_type": 96
    }
},
{
    "pk": 292, 
    "model": "auth.permission", 
    "fields": {
        "codename": "delete_filerfolder", 
        "name": "Can delete filer folder", 
        "content_type": 96
    }
},
{
    "pk": 293, 
    "model": "auth.permission", 
    "fields": {
        "codename": "add_filerlinkplugin", 
        "name": "Can add filer link plugin", 
        "content_type": 97
    }
},
{
    "pk": 294, 
    "model": "auth.permission", 
    "fields": {
        "codename": "change_filerlinkplugin", 
        "name": "Can change filer link plugin", 
        "content_type": 97
    }
},
{
    "pk": 295, 
    "model": "auth.permission", 
    "fields": {
        "codename": "delete_filerlinkplugin", 
        "name": "Can delete filer link plugin", 
        "content_type": 97
    }
},
{
    "pk": 296, 
    "model": "auth.permission", 
    "fields": {
        "codename": "add_filerimage", 
        "name": "Can add filer image", 
        "content_type": 98
    }
},
{
    "pk": 297, 
    "model": "auth.permission", 
    "fields": {
        "codename": "change_filerimage", 
        "name": "Can change filer image", 
        "content_type": 98
    }
},
{
    "pk": 298, 
    "model": "auth.permission", 
    "fields": {
        "codename": "delete_filerimage", 
        "name": "Can delete filer image", 
        "content_type": 98
    }
},
{
    "pk": 299, 
    "model": "auth.permission", 
    "fields": {
        "codename": "add_thumbnailoption", 
        "name": "Can add thumbnail option", 
        "content_type": 99
    }
},
{
    "pk": 300, 
    "model": "auth.permission", 
    "fields": {
        "codename": "change_thumbnailoption", 
        "name": "Can change thumbnail option", 
        "content_type": 99
    }
},
{
    "pk": 301, 
    "model": "auth.permission", 
    "fields": {
        "codename": "delete_thumbnailoption", 
        "name": "Can delete thumbnail option", 
        "content_type": 99
    }
},
{
    "pk": 302, 
    "model": "auth.permission", 
    "fields": {
        "codename": "add_filerteaser", 
        "name": "Can add filer teaser", 
        "content_type": 100
    }
},
{
    "pk": 303, 
    "model": "auth.permission", 
    "fields": {
        "codename": "change_filerteaser", 
        "name": "Can change filer teaser", 
        "content_type": 100
    }
},
{
    "pk": 304, 
    "model": "auth.permission", 
    "fields": {
        "codename": "delete_filerteaser", 
        "name": "Can delete filer teaser", 
        "content_type": 100
    }
},
{
    "pk": 305, 
    "model": "auth.permission", 
    "fields": {
        "codename": "add_filervideo", 
        "name": "Can add filer video", 
        "content_type": 101
    }
},
{
    "pk": 306, 
    "model": "auth.permission", 
    "fields": {
        "codename": "change_filervideo", 
        "name": "Can change filer video", 
        "content_type": 101
    }
},
{
    "pk": 307, 
    "model": "auth.permission", 
    "fields": {
        "codename": "delete_filervideo", 
        "name": "Can delete filer video", 
        "content_type": 101
    }
},
{
    "pk": 308, 
    "model": "auth.permission", 
    "fields": {
        "codename": "add_revision", 
        "name": "Can add revision", 
        "content_type": 102
    }
},
{
    "pk": 309, 
    "model": "auth.permission", 
    "fields": {
        "codename": "change_revision", 
        "name": "Can change revision", 
        "content_type": 102
    }
},
{
    "pk": 310, 
    "model": "auth.permission", 
    "fields": {
        "codename": "delete_revision", 
        "name": "Can delete revision", 
        "content_type": 102
    }
},
{
    "pk": 311, 
    "model": "auth.permission", 
    "fields": {
        "codename": "add_version", 
        "name": "Can add version", 
        "content_type": 103
    }
},
{
    "pk": 312, 
    "model": "auth.permission", 
    "fields": {
        "codename": "change_version", 
        "name": "Can change version", 
        "content_type": 103
    }
},
{
    "pk": 313, 
    "model": "auth.permission", 
    "fields": {
        "codename": "delete_version", 
        "name": "Can delete version", 
        "content_type": 103
    }
},
{
    "pk": 1, 
    "model": "auth.group", 
    "fields": {
        "name": "Act Coordinator", 
        "permissions": []
    }
},
{
    "pk": 2, 
    "model": "auth.group", 
    "fields": {
        "name": "Act Reviewers", 
        "permissions": []
    }
},
{
    "pk": 3, 
    "model": "auth.group", 
    "fields": {
        "name": "Class Coordinator", 
        "permissions": []
    }
},
{
    "pk": 4, 
    "model": "auth.group", 
    "fields": {
        "name": "Class Reviewers", 
        "permissions": []
    }
},
{
    "pk": 5, 
    "model": "auth.group", 
    "fields": {
        "name": "Vendor Coordinator", 
        "permissions": []
    }
},
{
    "pk": 6, 
    "model": "auth.group", 
    "fields": {
        "name": "Vendor Reviewers", 
        "permissions": []
    }
},
{
    "pk": 7, 
    "model": "auth.group", 
    "fields": {
        "name": "Volunteer Coordinator", 
        "permissions": []
    }
},
{
    "pk": 8, 
    "model": "auth.group", 
    "fields": {
        "name": "Volunteer Reviewers", 
        "permissions": []
    }
},
{
    "pk": 9, 
    "model": "auth.group", 
    "fields": {
        "name": "Registrar", 
        "permissions": []
    }
},
{
    "pk": 10, 
    "model": "auth.group", 
    "fields": {
        "name": "Scheduling Mavens", 
        "permissions": []
    }
},
{
    "pk": 11, 
    "model": "auth.group", 
    "fields": {
        "name": "Ticketing - Admin", 
        "permissions": []
    }
},
{
    "pk": 12, 
    "model": "auth.group", 
    "fields": {
        "name": "Ticketing - Transactions", 
        "permissions": []
    }
},
{
    "pk": 13, 
    "model": "auth.group", 
    "fields": {
        "name": "Tech Crew", 
        "permissions": []
    }
},
{
    "pk": 1, 
    "model": "auth.user", 
    "fields": {
        "username": "bethlakshmi", 
        "first_name": "Betty", 
        "last_name": "BlaizeAdmin", 
        "is_active": true, 
        "is_superuser": true, 
        "is_staff": true, 
        "last_login": "2015-09-05T21:04:17.079Z", 
        "groups": [
            1, 
            2, 
            3, 
            4, 
            5, 
            6, 
            7, 
            8, 
            9, 
            10, 
            11, 
            12, 
            13
        ], 
        "user_permissions": [], 
        "password": "pbkdf2_sha256$12000$xS7YlRwTeOyR$pP9HfSL578EJvVxdSEisd4w61UY77bZM4zxfnAd4nVU=", 
        "email": "bethlakshmi@gmail.com", 
        "date_joined": "2015-09-05T20:37:57Z"
    }
},
{
    "pk": 2, 
    "model": "auth.user", 
    "fields": {
        "username": "limbo", 
        "first_name": "limbo", 
        "last_name": "user", 
        "is_active": true, 
        "is_superuser": false, 
        "is_staff": false, 
        "last_login": "2015-09-06T18:15:46Z", 
        "groups": [], 
        "user_permissions": [], 
        "password": "pbkdf2_sha256$12000$iul6XPowH9sY$zrX2xDLUdQWZJFepaFIZ/XlH4mIPVki98PFVXpPG2EE=", 
        "email": "", 
        "date_joined": "2015-09-06T18:15:46Z"
    }
},
{
    "pk": 3, 
    "model": "auth.user", 
    "fields": {
        "username": "elcheapo", 
        "first_name": "", 
        "last_name": "", 
        "is_active": true, 
        "is_superuser": false, 
        "is_staff": false, 
        "last_login": "2015-09-06T18:44:47.698Z", 
        "groups": [], 
        "user_permissions": [], 
        "password": "pbkdf2_sha256$12000$iv93GLfqiHzM$LjRSTxPoMbp1h2G1p2p4gqqPeDCXIsOaTpXi/eocW68=", 
        "email": "", 
        "date_joined": "2015-09-06T18:44:47.698Z"
    }
},
{
    "pk": 1, 
    "model": "admin.logentry", 
    "fields": {
        "action_flag": 1, 
        "action_time": "2015-09-05T20:39:45.367Z", 
        "object_repr": "Home", 
        "object_id": "1", 
        "change_message": "", 
        "user": 1, 
        "content_type": 66
    }
},
{
    "pk": 2, 
    "model": "admin.logentry", 
    "fields": {
        "action_flag": 2, 
        "action_time": "2015-09-05T20:39:51.748Z", 
        "object_repr": "Home", 
        "object_id": "1", 
        "change_message": "Changed xframe_options.", 
        "user": 1, 
        "content_type": 66
    }
},
{
    "pk": 3, 
    "model": "admin.logentry", 
    "fields": {
        "action_flag": 1, 
        "action_time": "2015-09-05T20:40:02.538Z", 
        "object_repr": "About Us", 
        "object_id": "3", 
        "change_message": "", 
        "user": 1, 
        "content_type": 66
    }
},
{
    "pk": 4, 
    "model": "admin.logentry", 
    "fields": {
        "action_flag": 1, 
        "action_time": "2015-09-05T20:44:16.712Z", 
        "object_repr": "Act Coordinator", 
        "object_id": "1", 
        "change_message": "", 
        "user": 1, 
        "content_type": 3
    }
},
{
    "pk": 5, 
    "model": "admin.logentry", 
    "fields": {
        "action_flag": 1, 
        "action_time": "2015-09-05T20:44:20.459Z", 
        "object_repr": "Act Reviewers", 
        "object_id": "2", 
        "change_message": "", 
        "user": 1, 
        "content_type": 3
    }
},
{
    "pk": 6, 
    "model": "admin.logentry", 
    "fields": {
        "action_flag": 1, 
        "action_time": "2015-09-05T20:44:24.589Z", 
        "object_repr": "Class Coordinator", 
        "object_id": "3", 
        "change_message": "", 
        "user": 1, 
        "content_type": 3
    }
},
{
    "pk": 7, 
    "model": "admin.logentry", 
    "fields": {
        "action_flag": 1, 
        "action_time": "2015-09-05T20:44:28.531Z", 
        "object_repr": "Class Reviewers", 
        "object_id": "4", 
        "change_message": "", 
        "user": 1, 
        "content_type": 3
    }
},
{
    "pk": 8, 
    "model": "admin.logentry", 
    "fields": {
        "action_flag": 1, 
        "action_time": "2015-09-05T20:44:32.771Z", 
        "object_repr": "Vendor Coordinator", 
        "object_id": "5", 
        "change_message": "", 
        "user": 1, 
        "content_type": 3
    }
},
{
    "pk": 9, 
    "model": "admin.logentry", 
    "fields": {
        "action_flag": 1, 
        "action_time": "2015-09-05T20:44:36.956Z", 
        "object_repr": "Vendor Reviewers", 
        "object_id": "6", 
        "change_message": "", 
        "user": 1, 
        "content_type": 3
    }
},
{
    "pk": 10, 
    "model": "admin.logentry", 
    "fields": {
        "action_flag": 1, 
        "action_time": "2015-09-05T20:44:43.179Z", 
        "object_repr": "Volunteer Coordinator", 
        "object_id": "7", 
        "change_message": "", 
        "user": 1, 
        "content_type": 3
    }
},
{
    "pk": 11, 
    "model": "admin.logentry", 
    "fields": {
        "action_flag": 1, 
        "action_time": "2015-09-05T20:44:50.702Z", 
        "object_repr": "Volunteer Reviewers", 
        "object_id": "8", 
        "change_message": "", 
        "user": 1, 
        "content_type": 3
    }
},
{
    "pk": 12, 
    "model": "admin.logentry", 
    "fields": {
        "action_flag": 1, 
        "action_time": "2015-09-05T20:45:06.500Z", 
        "object_repr": "Registrar", 
        "object_id": "9", 
        "change_message": "", 
        "user": 1, 
        "content_type": 3
    }
},
{
    "pk": 13, 
    "model": "admin.logentry", 
    "fields": {
        "action_flag": 1, 
        "action_time": "2015-09-05T20:45:13.349Z", 
        "object_repr": "Scheduling Mavens", 
        "object_id": "10", 
        "change_message": "", 
        "user": 1, 
        "content_type": 3
    }
},
{
    "pk": 14, 
    "model": "admin.logentry", 
    "fields": {
        "action_flag": 1, 
        "action_time": "2015-09-05T20:45:22.162Z", 
        "object_repr": "Ticketing - Admin", 
        "object_id": "11", 
        "change_message": "", 
        "user": 1, 
        "content_type": 3
    }
},
{
    "pk": 15, 
    "model": "admin.logentry", 
    "fields": {
        "action_flag": 1, 
        "action_time": "2015-09-05T20:45:32.762Z", 
        "object_repr": "Ticketing - Transactions", 
        "object_id": "12", 
        "change_message": "", 
        "user": 1, 
        "content_type": 3
    }
},
{
    "pk": 16, 
    "model": "admin.logentry", 
    "fields": {
        "action_flag": 1, 
        "action_time": "2015-09-05T20:45:48.937Z", 
        "object_repr": "Tech Crew", 
        "object_id": "13", 
        "change_message": "", 
        "user": 1, 
        "content_type": 3
    }
},
{
    "pk": 17, 
    "model": "admin.logentry", 
    "fields": {
        "action_flag": 2, 
        "action_time": "2015-09-05T21:02:12.294Z", 
        "object_repr": "bethlakshmi", 
        "object_id": "1", 
        "change_message": "Changed groups.", 
        "user": 1, 
        "content_type": 4
    }
},
{
    "pk": 18, 
    "model": "admin.logentry", 
    "fields": {
        "action_flag": 2, 
        "action_time": "2015-09-05T21:03:29.561Z", 
        "object_repr": "120.0.0.1:8000", 
        "object_id": "1", 
        "change_message": "Changed domain and name.", 
        "user": 1, 
        "content_type": 8
    }
},
{
    "pk": 19, 
    "model": "admin.logentry", 
    "fields": {
        "action_flag": 2, 
        "action_time": "2015-09-05T21:03:34.361Z", 
        "object_repr": "120.0.0.1:8000", 
        "object_id": "1", 
        "change_message": "No fields changed.", 
        "user": 1, 
        "content_type": 8
    }
},
{
    "pk": 20, 
    "model": "admin.logentry", 
    "fields": {
        "action_flag": 2, 
        "action_time": "2015-09-05T21:04:42.051Z", 
        "object_repr": "Home", 
        "object_id": "1", 
        "change_message": "", 
        "user": 1, 
        "content_type": 66
    }
},
{
    "pk": 21, 
    "model": "admin.logentry", 
    "fields": {
        "action_flag": 1, 
        "action_time": "2015-09-05T21:05:59.154Z", 
        "object_repr": "The Great Burlesque Expo 9", 
        "object_id": "1", 
        "change_message": "", 
        "user": 1, 
        "content_type": 14
    }
},
{
    "pk": 22, 
    "model": "admin.logentry", 
    "fields": {
        "action_flag": 1, 
        "action_time": "2015-09-05T21:06:10.881Z", 
        "object_repr": "The Great Burlesque Expo 10", 
        "object_id": "2", 
        "change_message": "", 
        "user": 1, 
        "content_type": 14
    }
},
{
    "pk": 23, 
    "model": "admin.logentry", 
    "fields": {
        "action_flag": 1, 
        "action_time": "2015-09-05T21:06:20.441Z", 
        "object_repr": "The Great Burlesque Expo 9", 
        "object_id": "3", 
        "change_message": "", 
        "user": 1, 
        "content_type": 14
    }
},
{
    "pk": 24, 
    "model": "admin.logentry", 
    "fields": {
        "action_flag": 2, 
        "action_time": "2015-09-05T21:08:15.753Z", 
        "object_repr": "The Great Burlesque Expo 11", 
        "object_id": "3", 
        "change_message": "Changed conference_name.", 
        "user": 1, 
        "content_type": 14
    }
},
{
    "pk": 25, 
    "model": "admin.logentry", 
    "fields": {
        "action_flag": 1, 
        "action_time": "2015-09-05T21:09:04.718Z", 
        "object_repr": "111111", 
        "object_id": "1", 
        "change_message": "", 
        "user": 1, 
        "content_type": 42
    }
},
{
    "pk": 26, 
    "model": "admin.logentry", 
    "fields": {
        "action_flag": 1, 
        "action_time": "2015-09-05T21:09:29.748Z", 
        "object_repr": "222222", 
        "object_id": "2", 
        "change_message": "", 
        "user": 1, 
        "content_type": 42
    }
},
{
    "pk": 27, 
    "model": "admin.logentry", 
    "fields": {
        "action_flag": 1, 
        "action_time": "2015-09-05T21:10:16.692Z", 
        "object_repr": "333333", 
        "object_id": "3", 
        "change_message": "", 
        "user": 1, 
        "content_type": 42
    }
},
{
    "pk": 28, 
    "model": "admin.logentry", 
    "fields": {
        "action_flag": 1, 
        "action_time": "2015-09-05T21:10:40.185Z", 
        "object_repr": "333334", 
        "object_id": "4", 
        "change_message": "", 
        "user": 1, 
        "content_type": 42
    }
},
{
    "pk": 29, 
    "model": "admin.logentry", 
    "fields": {
        "action_flag": 1, 
        "action_time": "2015-09-05T21:10:55.929Z", 
        "object_repr": "333335", 
        "object_id": "5", 
        "change_message": "", 
        "user": 1, 
        "content_type": 42
    }
},
{
    "pk": 30, 
    "model": "admin.logentry", 
    "fields": {
        "action_flag": 1, 
        "action_time": "2015-09-05T21:11:23.474Z", 
        "object_repr": "444444", 
        "object_id": "6", 
        "change_message": "", 
        "user": 1, 
        "content_type": 42
    }
},
{
    "pk": 31, 
    "model": "admin.logentry", 
    "fields": {
        "action_flag": 1, 
        "action_time": "2015-09-05T21:11:41.465Z", 
        "object_repr": "444445", 
        "object_id": "7", 
        "change_message": "", 
        "user": 1, 
        "content_type": 42
    }
},
{
    "pk": 32, 
    "model": "admin.logentry", 
    "fields": {
        "action_flag": 1, 
        "action_time": "2015-09-05T21:12:04.219Z", 
        "object_repr": "444446", 
        "object_id": "8", 
        "change_message": "", 
        "user": 1, 
        "content_type": 42
    }
},
{
    "pk": 33, 
    "model": "admin.logentry", 
    "fields": {
        "action_flag": 1, 
        "action_time": "2015-09-05T21:12:43.641Z", 
        "object_repr": "111112", 
        "object_id": "9", 
        "change_message": "", 
        "user": 1, 
        "content_type": 42
    }
},
{
    "pk": 34, 
    "model": "admin.logentry", 
    "fields": {
        "action_flag": 2, 
        "action_time": "2015-09-05T21:12:57.441Z", 
        "object_repr": "222222", 
        "object_id": "2", 
        "change_message": "Changed badgeable.", 
        "user": 1, 
        "content_type": 42
    }
},
{
    "pk": 35, 
    "model": "admin.logentry", 
    "fields": {
        "action_flag": 2, 
        "action_time": "2015-09-05T21:13:02.885Z", 
        "object_repr": "333334", 
        "object_id": "4", 
        "change_message": "Changed badgeable.", 
        "user": 1, 
        "content_type": 42
    }
},
{
    "pk": 36, 
    "model": "admin.logentry", 
    "fields": {
        "action_flag": 2, 
        "action_time": "2015-09-05T21:13:08.006Z", 
        "object_repr": "333335", 
        "object_id": "5", 
        "change_message": "Changed badgeable.", 
        "user": 1, 
        "content_type": 42
    }
},
{
    "pk": 37, 
    "model": "admin.logentry", 
    "fields": {
        "action_flag": 2, 
        "action_time": "2015-09-05T21:13:13.532Z", 
        "object_repr": "444444", 
        "object_id": "6", 
        "change_message": "Changed badgeable.", 
        "user": 1, 
        "content_type": 42
    }
},
{
    "pk": 38, 
    "model": "admin.logentry", 
    "fields": {
        "action_flag": 2, 
        "action_time": "2015-09-05T21:13:23.240Z", 
        "object_repr": "444445", 
        "object_id": "7", 
        "change_message": "Changed badgeable.", 
        "user": 1, 
        "content_type": 42
    }
},
{
    "pk": 39, 
    "model": "admin.logentry", 
    "fields": {
        "action_flag": 2, 
        "action_time": "2015-09-05T21:13:28.638Z", 
        "object_repr": "444446", 
        "object_id": "8", 
        "change_message": "Changed badgeable.", 
        "user": 1, 
        "content_type": 42
    }
},
{
    "pk": 40, 
    "model": "admin.logentry", 
    "fields": {
        "action_flag": 1, 
        "action_time": "2015-09-05T21:14:01.011Z", 
        "object_repr": "111113", 
        "object_id": "10", 
        "change_message": "", 
        "user": 1, 
        "content_type": 42
    }
},
{
    "pk": 41, 
    "model": "admin.logentry", 
    "fields": {
        "action_flag": 1, 
        "action_time": "2015-09-05T21:14:33.486Z", 
        "object_repr": "222223", 
        "object_id": "11", 
        "change_message": "", 
        "user": 1, 
        "content_type": 42
    }
},
{
    "pk": 42, 
    "model": "admin.logentry", 
    "fields": {
        "action_flag": 2, 
        "action_time": "2015-09-05T21:14:39.399Z", 
        "object_repr": "222222", 
        "object_id": "2", 
        "change_message": "Changed ticket_style.", 
        "user": 1, 
        "content_type": 42
    }
},
{
    "pk": 43, 
    "model": "admin.logentry", 
    "fields": {
        "action_flag": 1, 
        "action_time": "2015-09-05T21:14:51.382Z", 
        "object_repr": "222224", 
        "object_id": "12", 
        "change_message": "", 
        "user": 1, 
        "content_type": 42
    }
},
{
    "pk": 44, 
    "model": "admin.logentry", 
    "fields": {
        "action_flag": 1, 
        "action_time": "2015-09-05T21:15:37.741Z", 
        "object_repr": "Ballroom", 
        "object_id": "2", 
        "change_message": "", 
        "user": 1, 
        "content_type": 27
    }
},
{
    "pk": 45, 
    "model": "admin.logentry", 
    "fields": {
        "action_flag": 1, 
        "action_time": "2015-09-05T21:15:50.645Z", 
        "object_repr": "Crispus Attucks", 
        "object_id": "3", 
        "change_message": "", 
        "user": 1, 
        "content_type": 27
    }
},
{
    "pk": 46, 
    "model": "admin.logentry", 
    "fields": {
        "action_flag": 1, 
        "action_time": "2015-09-05T21:16:14.461Z", 
        "object_repr": "Reg Desk", 
        "object_id": "4", 
        "change_message": "", 
        "user": 1, 
        "content_type": 27
    }
},
{
    "pk": 47, 
    "model": "admin.logentry", 
    "fields": {
        "action_flag": 1, 
        "action_time": "2015-09-05T21:16:50.476Z", 
        "object_repr": "The Main Event 2015", 
        "object_id": "1", 
        "change_message": "", 
        "user": 1, 
        "content_type": 29
    }
},
{
    "pk": 48, 
    "model": "admin.logentry", 
    "fields": {
        "action_flag": 1, 
        "action_time": "2015-09-05T21:17:07.158Z", 
        "object_repr": "The Main Event 2016", 
        "object_id": "2", 
        "change_message": "", 
        "user": 1, 
        "content_type": 29
    }
},
{
    "pk": 49, 
    "model": "admin.logentry", 
    "fields": {
        "action_flag": 1, 
        "action_time": "2015-09-05T21:17:39.076Z", 
        "object_repr": "The Main Event 2017", 
        "object_id": "3", 
        "change_message": "", 
        "user": 1, 
        "content_type": 29
    }
},
{
    "pk": 50, 
    "model": "admin.logentry", 
    "fields": {
        "action_flag": 1, 
        "action_time": "2015-09-05T21:18:24.831Z", 
        "object_repr": "Master Class", 
        "object_id": "4", 
        "change_message": "", 
        "user": 1, 
        "content_type": 30
    }
},
{
    "pk": 51, 
    "model": "admin.logentry", 
    "fields": {
        "action_flag": 1, 
        "action_time": "2015-09-05T21:18:55.761Z", 
        "object_repr": "Master Class 2016", 
        "object_id": "5", 
        "change_message": "", 
        "user": 1, 
        "content_type": 30
    }
},
{
    "pk": 52, 
    "model": "admin.logentry", 
    "fields": {
        "action_flag": 2, 
        "action_time": "2015-09-05T21:19:07.500Z", 
        "object_repr": "Master Class 2017", 
        "object_id": "4", 
        "change_message": "Changed title.", 
        "user": 1, 
        "content_type": 30
    }
},
{
    "pk": 53, 
    "model": "admin.logentry", 
    "fields": {
        "action_flag": 1, 
        "action_time": "2015-09-05T21:19:26.769Z", 
        "object_repr": "Master Class 2015", 
        "object_id": "6", 
        "change_message": "", 
        "user": 1, 
        "content_type": 30
    }
},
{
    "pk": 54, 
    "model": "admin.logentry", 
    "fields": {
        "action_flag": 1, 
        "action_time": "2015-09-05T21:20:18.500Z", 
        "object_repr": "Pool Party 2015", 
        "object_id": "7", 
        "change_message": "", 
        "user": 1, 
        "content_type": 30
    }
},
{
    "pk": 55, 
    "model": "admin.logentry", 
    "fields": {
        "action_flag": 1, 
        "action_time": "2015-09-05T21:20:43.322Z", 
        "object_repr": "Pool Party 2016", 
        "object_id": "8", 
        "change_message": "", 
        "user": 1, 
        "content_type": 30
    }
},
{
    "pk": 56, 
    "model": "admin.logentry", 
    "fields": {
        "action_flag": 1, 
        "action_time": "2015-09-05T21:21:07.856Z", 
        "object_repr": "Pool Party 2017", 
        "object_id": "9", 
        "change_message": "", 
        "user": 1, 
        "content_type": 30
    }
},
{
    "pk": 57, 
    "model": "admin.logentry", 
    "fields": {
        "action_flag": 1, 
        "action_time": "2015-09-05T21:22:12.510Z", 
        "object_repr": "Volunteer 2015", 
        "object_id": "10", 
        "change_message": "", 
        "user": 1, 
        "content_type": 30
    }
},
{
    "pk": 58, 
    "model": "admin.logentry", 
    "fields": {
        "action_flag": 1, 
        "action_time": "2015-09-05T21:22:49.012Z", 
        "object_repr": "Volunteer 2016", 
        "object_id": "11", 
        "change_message": "", 
        "user": 1, 
        "content_type": 30
    }
},
{
    "pk": 59, 
    "model": "admin.logentry", 
    "fields": {
        "action_flag": 1, 
        "action_time": "2015-09-05T21:23:05.793Z", 
        "object_repr": "Volunteer 2017", 
        "object_id": "12", 
        "change_message": "", 
        "user": 1, 
        "content_type": 30
    }
},
{
    "pk": 60, 
    "model": "admin.logentry", 
    "fields": {
        "action_flag": 2, 
        "action_time": "2015-09-05T21:25:54.903Z", 
        "object_repr": "Class 2017", 
        "object_id": "1", 
        "change_message": "No fields changed.", 
        "user": 1, 
        "content_type": 31
    }
},
{
    "pk": 61, 
    "model": "admin.logentry", 
    "fields": {
        "action_flag": 1, 
        "action_time": "2015-09-05T21:26:35.065Z", 
        "object_repr": "Class 2016", 
        "object_id": "2", 
        "change_message": "", 
        "user": 1, 
        "content_type": 31
    }
},
{
    "pk": 62, 
    "model": "admin.logentry", 
    "fields": {
        "action_flag": 1, 
        "action_time": "2015-09-05T21:26:57.118Z", 
        "object_repr": "Class 2015", 
        "object_id": "3", 
        "change_message": "", 
        "user": 1, 
        "content_type": 31
    }
},
{
    "pk": 63, 
    "model": "admin.logentry", 
    "fields": {
        "action_flag": 1, 
        "action_time": "2015-09-05T21:28:24.771Z", 
        "object_repr": "555555", 
        "object_id": "13", 
        "change_message": "", 
        "user": 1, 
        "content_type": 42
    }
},
{
    "pk": 64, 
    "model": "admin.logentry", 
    "fields": {
        "action_flag": 1, 
        "action_time": "2015-09-05T21:28:55.865Z", 
        "object_repr": "555556", 
        "object_id": "14", 
        "change_message": "", 
        "user": 1, 
        "content_type": 42
    }
},
{
    "pk": 65, 
    "model": "admin.logentry", 
    "fields": {
        "action_flag": 1, 
        "action_time": "2015-09-05T21:29:13.374Z", 
        "object_repr": "555557", 
        "object_id": "15", 
        "change_message": "", 
        "user": 1, 
        "content_type": 42
    }
},
{
    "pk": 66, 
    "model": "admin.logentry", 
    "fields": {
        "action_flag": 1, 
        "action_time": "2015-09-05T21:37:22.864Z", 
        "object_repr": "333334-1 The Whole Shebang 2017", 
        "object_id": "1", 
        "change_message": "", 
        "user": 1, 
        "content_type": 43
    }
},
{
    "pk": 67, 
    "model": "admin.logentry", 
    "fields": {
        "action_flag": 1, 
        "action_time": "2015-09-05T21:37:40.180Z", 
        "object_repr": "333334-0 The Whole Shebang 2017", 
        "object_id": "2", 
        "change_message": "", 
        "user": 1, 
        "content_type": 43
    }
},
{
    "pk": 68, 
    "model": "admin.logentry", 
    "fields": {
        "action_flag": 1, 
        "action_time": "2015-09-05T21:38:34.584Z", 
        "object_repr": "444445-1 The Scholar 2017", 
        "object_id": "3", 
        "change_message": "", 
        "user": 1, 
        "content_type": 43
    }
},
{
    "pk": 69, 
    "model": "admin.logentry", 
    "fields": {
        "action_flag": 1, 
        "action_time": "2015-09-05T21:39:45.563Z", 
        "object_repr": "444445-0 The Scholar 2017", 
        "object_id": "4", 
        "change_message": "", 
        "user": 1, 
        "content_type": 43
    }
},
{
    "pk": 70, 
    "model": "admin.logentry", 
    "fields": {
        "action_flag": 1, 
        "action_time": "2015-09-05T21:40:47.522Z", 
        "object_repr": "222223 222223", 
        "object_id": "5", 
        "change_message": "", 
        "user": 1, 
        "content_type": 43
    }
},
{
    "pk": 71, 
    "model": "admin.logentry", 
    "fields": {
        "action_flag": 1, 
        "action_time": "2015-09-05T21:41:30.116Z", 
        "object_repr": "111112 111112", 
        "object_id": "6", 
        "change_message": "", 
        "user": 1, 
        "content_type": 43
    }
},
{
    "pk": 72, 
    "model": "admin.logentry", 
    "fields": {
        "action_flag": 1, 
        "action_time": "2015-09-05T22:04:07.648Z", 
        "object_repr": "333335-1 The Whole Shebang 2015", 
        "object_id": "8", 
        "change_message": "", 
        "user": 1, 
        "content_type": 43
    }
},
{
    "pk": 73, 
    "model": "admin.logentry", 
    "fields": {
        "action_flag": 1, 
        "action_time": "2015-09-06T18:15:46.631Z", 
        "object_repr": "limbo", 
        "object_id": "2", 
        "change_message": "", 
        "user": 1, 
        "content_type": 4
    }
},
{
    "pk": 74, 
    "model": "admin.logentry", 
    "fields": {
        "action_flag": 2, 
        "action_time": "2015-09-06T18:16:08.611Z", 
        "object_repr": "limbo", 
        "object_id": "2", 
        "change_message": "Changed first_name and last_name.", 
        "user": 1, 
        "content_type": 4
    }
},
{
    "pk": 75, 
    "model": "admin.logentry", 
    "fields": {
        "action_flag": 1, 
        "action_time": "2015-09-06T18:17:29.878Z", 
        "object_repr": "bethlakshmi", 
        "object_id": "1", 
        "change_message": "", 
        "user": 1, 
        "content_type": 44
    }
},
{
    "pk": 76, 
    "model": "admin.logentry", 
    "fields": {
        "action_flag": 1, 
        "action_time": "2015-09-06T18:18:58.575Z", 
        "object_repr": "reference (bethlakshmi)", 
        "object_id": "1", 
        "change_message": "", 
        "user": 1, 
        "content_type": 45
    }
},
{
    "pk": 77, 
    "model": "admin.logentry", 
    "fields": {
        "action_flag": 1, 
        "action_time": "2015-09-06T18:19:30.430Z", 
        "object_repr": "reference (bethlakshmi)", 
        "object_id": "2", 
        "change_message": "", 
        "user": 1, 
        "content_type": 45
    }
},
{
    "pk": 78, 
    "model": "admin.logentry", 
    "fields": {
        "action_flag": 1, 
        "action_time": "2015-09-06T18:19:50.449Z", 
        "object_repr": "reference (bethlakshmi)", 
        "object_id": "3", 
        "change_message": "", 
        "user": 1, 
        "content_type": 45
    }
},
{
    "pk": 79, 
    "model": "admin.logentry", 
    "fields": {
        "action_flag": 1, 
        "action_time": "2015-09-06T18:20:47.594Z", 
        "object_repr": "reference (bethlakshmi)", 
        "object_id": "4", 
        "change_message": "", 
        "user": 1, 
        "content_type": 45
    }
},
{
    "pk": 80, 
    "model": "admin.logentry", 
    "fields": {
        "action_flag": 1, 
        "action_time": "2015-09-06T18:21:06.165Z", 
        "object_repr": "reference (bethlakshmi)", 
        "object_id": "5", 
        "change_message": "", 
        "user": 1, 
        "content_type": 45
    }
},
{
    "pk": 81, 
    "model": "admin.logentry", 
    "fields": {
        "action_flag": 1, 
        "action_time": "2015-09-06T18:44:47.843Z", 
        "object_repr": "elcheapo", 
        "object_id": "3", 
        "change_message": "", 
        "user": 1, 
        "content_type": 4
    }
},
{
    "pk": 1, 
    "model": "reversion.revision", 
    "fields": {
        "comment": "Initial version.", 
        "date_created": "2015-09-05T20:39:45.384Z", 
        "manager_slug": "default", 
        "user": 1
    }
},
{
    "pk": 2, 
    "model": "reversion.revision", 
    "fields": {
        "comment": "Changed xframe_options.", 
        "date_created": "2015-09-05T20:39:51.764Z", 
        "manager_slug": "default", 
        "user": 1
    }
},
{
    "pk": 3, 
    "model": "reversion.revision", 
    "fields": {
        "comment": "Initial version.", 
        "date_created": "2015-09-05T20:40:02.554Z", 
        "manager_slug": "default", 
        "user": 1
    }
},
{
    "pk": 4, 
    "model": "reversion.revision", 
    "fields": {
        "comment": "Text plugin added to big_block", 
        "date_created": "2015-09-05T21:04:34.793Z", 
        "manager_slug": "default", 
        "user": 1
    }
},
{
    "pk": 5, 
    "model": "reversion.revision", 
    "fields": {
        "comment": "Text plugin edited at position 0 in big_block", 
        "date_created": "2015-09-05T21:04:38.231Z", 
        "manager_slug": "default", 
        "user": 1
    }
},
{
    "pk": 6, 
    "model": "reversion.revision", 
    "fields": {
        "comment": "Publish", 
        "date_created": "2015-09-05T21:04:42.074Z", 
        "manager_slug": "default", 
        "user": 1
    }
},
{
    "pk": 1, 
    "model": "gbe.profile", 
    "fields": {
        "city": "", 
        "purchase_email": "bethlakshmi@gmail.com", 
        "display_name": "Betty BlaizeAdmin", 
        "best_time": "Any", 
        "address1": "", 
        "address2": "", 
        "how_heard": "[]", 
        "phone": "111-222-3333", 
        "state": "", 
        "country": "", 
        "user_object": 1, 
        "zip_code": ""
    }
},
{
    "pk": 1, 
    "model": "ticketing.purchaser", 
    "fields": {
        "city": "Testville", 
        "first_name": "Betty", 
        "last_name": "Admin", 
        "matched_to_user": 1, 
        "zip": "12345", 
        "country": "USA", 
        "phone": "111-222-3333", 
        "state": "UT", 
        "address": "test address\r\n", 
        "email": "bethlakshmi@gmail.com"
    }
},
{
    "pk": 1, 
    "model": "cms.pageusergroup", 
    "fields": {
        "created_by": 1, 
        "permissions": []
    }
},
{
    "pk": 2, 
    "model": "cms.pageusergroup", 
    "fields": {
        "created_by": 1, 
        "permissions": []
    }
},
{
    "pk": 3, 
    "model": "cms.pageusergroup", 
    "fields": {
        "created_by": 1, 
        "permissions": []
    }
},
{
    "pk": 4, 
    "model": "cms.pageusergroup", 
    "fields": {
        "created_by": 1, 
        "permissions": []
    }
},
{
    "pk": 5, 
    "model": "cms.pageusergroup", 
    "fields": {
        "created_by": 1, 
        "permissions": []
    }
},
{
    "pk": 6, 
    "model": "cms.pageusergroup", 
    "fields": {
        "created_by": 1, 
        "permissions": []
    }
},
{
    "pk": 7, 
    "model": "cms.pageusergroup", 
    "fields": {
        "created_by": 1, 
        "permissions": []
    }
},
{
    "pk": 8, 
    "model": "cms.pageusergroup", 
    "fields": {
        "created_by": 1, 
        "permissions": []
    }
},
{
    "pk": 9, 
    "model": "cms.pageusergroup", 
    "fields": {
        "created_by": 1, 
        "permissions": []
    }
},
{
    "pk": 10, 
    "model": "cms.pageusergroup", 
    "fields": {
        "created_by": 1, 
        "permissions": []
    }
},
{
    "pk": 11, 
    "model": "cms.pageusergroup", 
    "fields": {
        "created_by": 1, 
        "permissions": []
    }
},
{
    "pk": 12, 
    "model": "cms.pageusergroup", 
    "fields": {
        "created_by": 1, 
        "permissions": []
    }
},
{
    "pk": 13, 
    "model": "cms.pageusergroup", 
    "fields": {
        "created_by": 1, 
        "permissions": []
    }
},
{
    "pk": 2, 
    "model": "cms.pageuser", 
    "fields": {
        "user_permissions": [], 
        "groups": [], 
        "created_by": 1
    }
},
{
    "pk": 3, 
    "model": "cms.pageuser", 
    "fields": {
        "user_permissions": [], 
        "groups": [], 
        "created_by": 1
    }
},
{
    "pk": 1, 
    "model": "cms.usersettings", 
    "fields": {
        "clipboard": 1, 
        "user": 1, 
        "language": "en-us"
    }
}
]
